0,2,10,10,,12,,21,,3,13
1,,,7,3,5,8,20,12,,1
2,31,19,2,2,3,5,3,1,1,
3,3,1,6,2,1,28,,8,,2
4,3,3,11,,,14,14,26,,
5,1,2,,12,,10,,1,55,
6,2,16,3,28,1,3,30,,,
7,,26,1,7,,23,4,30,,
8,1,4,2,1,4,,7,13,1,2
9,1,7,17,1,27,1,17,,,
10,,1,2,5,1,1,1,16,5,1
11,,1,4,1,1,4,2,5,2,10
12,2,62,1,,9,,,,,
13,2,18,,5,2,2,6,1,7,1
14,34,,3,,1,5,2,1,16,8
15,2,2,17,14,26,,4,2,,13
16,24,2,5,3,4,2,,1,1,15
17,3,1,39,10,7,1,,2,1,29
18,8,40,1,10,3,,29,,,
19,11,1,32,1,2,4,12,,3,10
20,19,,1,16,2,10,69,,,
21,,1,3,10,1,7,2,22,1,
22,6,,5,,12,3,17,17,19,
23,1,2,5,,4,3,1,,23,
24,5,,2,1,24,17,10,7,3,4
25,,6,6,44,4,7,,29,,
26,22,1,25,10,,9,2,,1,2
27,1,,,1,,3,1,1,4,
28,2,7,6,,4,,27,20,1,31
29,28,10,12,7,22,,,,,
30,1,1,27,1,,9,6,1,1,16
31,8,27,,5,,1,,29,1,
32,,21,3,7,1,69,,,,
33,2,10,33,10,9,6,,10,,
34,,2,5,8,19,,1,1,29,
35,1,,,,,,3,,,42
36,2,2,12,9,,2,13,2,2,1
37,5,2,10,12,6,1,16,4,4,13
38,28,1,,,2,14,6,,37,
39,,1,1,10,2,11,1,10,31,27
40,6,24,5,9,,28,,,,
41,,2,11,39,7,1,4,48,,
42,1,15,1,,1,1,1,2,,28
43,,,1,10,1,6,1,7,29,2
44,14,6,1,22,,13,2,3,4,11
45,,1,,,1,1,18,2,,10
46,1,5,3,9,11,,2,1,9,2
47,18,2,,11,6,56,,,,
48,,4,,29,,10,12,42,,
49,5,9,,1,2,1,3,,,1
50,8,1,,51,11,,,,,
51,,14,64,,,,,,,
52,33,,1,,3,52,,,,
53,,4,2,10,1,7,2,5,,1
54,,5,5,,4,6,3,3,1,7
55,2,,,17,3,5,6,20,21,
56,,11,10,2,,2,1,,34,9
57,8,1,3,4,35,1,2,2,4,36
58,6,,3,23,44,,,,,
59,1,5,,1,,,1,3,1,1
60,20,14,,4,4,5,6,6,6,7
61,16,15,5,11,5,1,1,,,24
62,2,11,40,,2,5,2,3,1,51
63,1,2,1,,1,1,6,3,10,2
64,11,,9,3,11,7,10,7,5,8
65,2,5,8,1,6,3,,,3,1
66,4,,11,1,9,22,,4,9,2
67,,1,,4,4,1,1,5,1,17
68,4,12,1,5,,1,2,35,10,
69,2,27,15,5,5,21,,,,
70,11,4,11,1,5,,1,,14,100
71,9,,,10,4,6,,3,47,
72,2,13,2,6,3,16,10,1,,3
73,2,,4,1,26,13,3,,3,2
74,1,,10,,13,2,33,,1,8
75,4,4,2,,14,3,5,18,40,
76,1,14,22,14,54,,,,,
77,11,3,3,1,14,1,8,5,3,
78,,13,7,8,16,31,,,,
79,16,,3,28,1,,9,5,3,2
80,1,2,43,20,5,,,,,
81,1,9,2,2,1,2,3,10,,2
82,1,20,12,,,47,,,,
83,9,12,39,,,12,,,,
84,18,6,2,2,1,25,,45,,
85,7,34,,7,1,3,8,2,,29
86,1,9,1,,1,8,19,35,,
87,4,2,12,3,22,,4,14,6,
88,,4,1,6,11,5,18,1,29,
89,1,1,3,14,1,1,4,11,2,7
90,1,,,1,15,2,23,1,13,
91,10,1,3,,,1,28,7,4,
92,5,16,6,49,,,,,,
93,,11,1,7,2,10,,11,12,2
94,,1,,1,2,2,,6,16,8
95,4,10,42,9,1,1,4,,,
96,8,,8,2,,14,15,,,4
97,25,10,,2,1,1,4,,31,
98,9,,4,8,27,7,,5,41,
99,1,1,2,12,,16,1,5,,
100,3,11,4,15,7,12,1,1,1,
101,4,22,,2,,7,6,,1,54
102,6,4,5,4,30,3,3,11,,10
103,3,3,,6,1,1,15,11,9,1
104,11,3,8,,5,,6,41,,
105,2,16,,11,9,30,3,,,
106,31,4,25,5,18,,,,,
107,10,1,2,6,2,,4,,4,40
108,9,,25,11,1,4,24,,,
109,21,2,1,9,,12,,,4,
110,12,1,14,,25,1,26,,,
111,8,1,3,3,30,5,4,17,,
112,11,15,9,1,1,57,,,,
113,2,,11,4,,,4,32,,
114,26,,6,43,,,,,,
115,35,1,10,8,1,5,5,7,,
116,1,,,2,,,1,5,17,
117,2,11,13,,,1,1,,1,53
118,5,1,1,1,,3,8,1,,2
119,1,1,9,43,2,4,2,18,,
120,,,6,1,10,6,2,1,4,104
121,7,1,23,,6,,5,29,,
122,2,,21,8,4,5,9,2,,18
123,13,24,,1,7,14,5,3,32,
124,,37,2,,13,1,2,45,,
125,2,3,18,1,1,1,24,31,,
126,3,30,4,,2,,7,32,,
127,3,8,9,,,20,7,4,10,34
128,1,1,1,10,3,11,14,5,1,7
129,3,,21,1,2,14,19,40,,
130,4,10,7,23,18,19,,,,
131,11,1,9,3,1,1,3,4,3,2
132,13,8,48,1,11,,,,,
133,3,2,10,,5,,12,2,9,2
134,11,4,64,,,,,,,
135,12,7,,31,7,1,9,26,,
136,1,5,1,6,2,2,3,6,16,2
137,1,12,6,,1,1,9,1,,7
138,19,1,,1,,19,2,1,4,6
139,,1,8,12,9,8,14,4,3,36
140,1,10,2,12,,2,11,1,1,2
141,,6,5,4,4,1,1,1,3,
142,3,9,2,4,20,15,1,,22,
143,14,1,8,1,5,,43,,,
144,2,1,3,3,2,,1,15,3,7
145,20,1,,,1,3,17,,35,
146,38,,3,24,20,,,,,
147,21,,8,4,33,4,1,,,
148,,5,15,3,21,3,17,,5,1
149,11,1,15,,6,1,6,,11,4
150,2,12,5,8,,,3,10,1,24
151,6,1,1,4,10,,6,1,3,23
152,9,8,18,7,1,1,,9,,
153,2,3,3,,1,2,12,40,1,6
154,1,,,6,3,1,9,,15,1
155,,1,5,,15,24,8,21,,
156,15,8,1,3,12,2,,13,23,
157,2,1,,,26,6,24,1,26,
158,5,,2,7,7,1,,3,5,13
159,,1,,1,1,1,,8,22,10
160,2,11,,2,1,3,1,7,12,1
161,7,8,5,2,,18,16,1,3,4
162,10,2,15,3,,3,7,,1,1
163,,6,11,,,5,2,,27,
164,18,2,5,34,,38,,,,
165,,11,1,2,5,4,,1,,10
166,,5,1,,2,23,,27,5,37
167,1,20,,3,4,64,,,,
168,1,1,39,1,5,8,25,,,
169,,1,4,4,,2,11,,,5
170,13,,,7,1,1,2,82,,
171,7,2,13,7,2,14,,7,,10
172,3,39,38,,,,,,,
173,3,4,18,1,5,6,5,8,1,18
174,25,6,3,4,11,2,1,4,11,25
175,,,7,12,10,1,,5,1,
176,4,7,1,1,2,14,6,4,,4
177,,,19,5,,1,9,5,2,16
178,1,9,31,27,10,,,,,
179,7,4,,,17,,30,,28,
180,18,3,7,12,2,8,1,10,1,41
181,6,11,,5,22,1,45,,,
182,14,9,2,25,1,4,,6,7,39
183,8,1,,,2,5,1,3,1,14
184,5,29,,,12,14,41,,,
185,21,1,,5,18,2,8,,1,
186,5,5,2,9,3,1,1,9,14,1
187,12,2,1,2,6,4,,2,14,90
188,,1,35,,14,1,1,41,,
189,,1,1,,6,50,22,,,
190,,,15,3,,6,1,21,23,2
191,1,,4,1,21,10,,2,34,
192,9,,1,,15,,8,57,,
193,3,,2,5,17,4,13,2,7,5
194,36,9,15,1,1,,13,,,
195,4,4,,2,6,,6,3,6,
196,2,1,22,9,29,3,1,7,,
197,4,18,4,,8,12,,23,6,
198,,,3,10,3,7,6,6,14,1
199,1,16,1,,2,2,,4,8,72
200,4,,12,3,6,,2,1,22,1
201,8,1,1,21,3,,2,9,3,4
202,23,1,3,20,48,,,,,
203,19,,5,12,2,6,,4,3,29
204,1,5,17,3,,27,12,,,62
205,13,5,1,11,12,2,14,,45,
206,52,,3,1,3,1,4,1,,3
207,1,9,,5,,8,1,30,4,22
208,21,6,1,26,8,7,1,10,,
209,1,21,14,,5,6,22,13,,
210,3,16,,25,2,,1,,2,9
211,4,,1,,15,,10,7,8,
212,39,11,6,4,51,,,,,
213,10,1,9,1,,1,11,6,13,1
214,2,5,3,3,16,,,17,9,
215,10,7,19,5,24,4,22,,,
216,,20,11,37,6,,,,,
217,22,6,20,1,1,11,,,38,
218,3,,3,16,,3,22,9,3,2
219,14,1,,1,,,1,,2,2
220,87,,,,,,,,,
221,2,8,45,4,,5,2,3,5,
222,1,1,4,5,7,27,,7,18,4
223,1,2,23,,12,14,3,2,10,21
224,7,1,10,7,8,6,44,,,
225,,1,3,3,,1,3,4,18,7
226,1,7,17,4,,4,,1,3,4
227,,27,3,12,8,3,,1,,5
228,4,5,12,,26,,33,,,
229,1,,1,,16,,,9,15,26
230,,43,,,4,23,1,,,
231,1,3,,21,,,11,15,6,2
232,25,2,2,71,,,,,,
233,25,,,2,11,8,1,7,,
234,,5,,6,1,10,16,1,3,5
235,,2,3,10,10,3,2,,23,63
236,4,,3,38,19,1,5,6,,
237,5,2,2,1,12,57,,,,
238,3,,26,26,,1,,,2,19
239,1,,3,3,,10,4,2,,
240,,,5,6,3,5,40,26,,
241,3,1,,11,1,19,,7,27,
242,20,5,1,,12,12,30,,,
243,7,12,7,12,,3,,7,1,48
244,22,29,5,21,,,,,,
245,16,20,45,,,,,,,
246,5,4,5,1,,8,2,,3,6
247,,1,,19,2,13,1,10,9,27
248,,7,9,,19,25,,41,,
249,1,7,9,16,3,,1,1,24,3
250,28,,17,24,,,16,,,
251,9,4,,7,28,2,,19,,16
252,3,1,18,3,4,,1,14,36,
253,7,3,5,8,3,5,9,4,,28
254,4,19,2,4,,3,76,,,
255,13,16,7,3,1,12,7,1,3,1
256,5,8,,,2,1,,1,17,17
257,3,5,2,,8,,5,,3,132
258,7,7,9,6,12,1,1,,28,
259,4,1,2,10,,2,3,11,60,
260,2,87,,,,,,,,
261,,5,1,1,5,8,1,5,7,5
262,8,5,8,11,2,21,4,13,,
263,1,14,16,2,21,9,,16,,
264,4,4,1,1,10,,7,7,6,4
265,8,1,,9,10,6,1,,4,1
266,2,,14,,11,1,,,12,5
267,10,2,8,,30,1,1,13,,11
268,1,2,5,19,7,3,,8,20,193
269,18,2,,25,2,7,5,7,1,2
270,5,1,2,2,1,,3,2,7,34
271,,28,1,,7,9,24,1,22,
272,17,,1,4,,2,1,7,4,10
273,2,6,1,,4,37,7,,1,3
274,2,,8,3,6,,4,4,57,
275,1,4,1,,1,,6,16,21,
276,,1,10,5,21,,,9,4,7
277,,3,7,,3,10,6,37,10,
278,,37,18,1,12,,9,,,
279,,34,2,1,,2,1,13,32,
280,4,28,,14,22,,1,38,,
281,1,,4,20,2,1,12,11,23,
282,,6,4,19,2,,3,4,,17
283,6,2,2,,27,11,,14,,29
284,7,7,,,9,47,25,,,
285,1,18,1,2,11,,5,11,14,12
286,3,28,10,1,3,8,6,3,1,36
287,11,20,,7,1,22,1,47,,
288,1,21,38,5,3,19,,,,
289,6,,,,1,1,1,1,3,6
290,1,7,8,1,25,14,20,,,
291,5,,2,,8,9,5,1,,12
292,2,1,1,9,5,1,,1,3,10
293,7,8,1,7,1,23,9,2,9,10
294,5,2,,4,,3,1,,19,46
295,3,4,2,8,26,11,9,18,,
296,14,1,4,2,3,11,,1,,15
297,,,1,14,2,3,17,2,29,16
298,4,2,5,1,13,7,,20,31,
299,23,31,15,7,,,,,,
300,5,12,,2,,,,12,25,20
301,,9,2,,17,,2,3,,
302,3,4,,1,,4,,1,33,72
303,6,10,3,7,,27,,2,24,
304,,14,29,,,33,,,,
305,8,34,7,19,2,10,,,,
306,4,7,1,,1,,12,5,10,17
307,,,2,3,3,,2,10,9,11
308,30,1,1,,2,4,5,2,15,5
309,2,9,11,1,14,5,1,2,1,62
310,12,4,3,6,11,,,,18,14
311,,17,4,,,1,3,7,2,7
312,1,,1,,,6,26,3,3,18
313,13,4,2,10,15,,,21,5,18
314,4,,2,,8,3,4,20,26,
315,1,7,,1,17,,28,55,,
316,3,2,72,,,,,,,
317,4,9,,7,4,8,3,15,1,2
318,,24,2,3,,3,20,,51,
319,,3,8,9,16,3,,9,10,
320,2,,7,10,23,8,1,30,,
321,17,25,,3,4,,35,,,
322,8,2,1,2,28,,,10,35,
323,15,1,5,1,15,7,,33,,
324,,,19,,1,1,6,11,12,6
325,1,16,1,1,36,11,1,,2,15
326,19,5,3,5,15,23,4,,,
327,6,4,,2,23,2,6,10,,5
328,9,3,2,11,1,1,28,1,1,9
329,4,5,,34,14,37,,,,
330,4,3,1,4,8,15,,,45,
331,7,13,22,10,2,3,,,11,26
332,,22,19,9,26,,,,,
333,15,1,1,2,6,2,22,11,1,
334,3,68,,,,,,,,
335,4,18,2,5,14,,15,36,,
336,10,21,,2,2,,1,6,18,30
337,9,16,5,31,7,18,,,,
338,9,54,28,,,,,,,
339,2,1,5,,3,26,9,7,,
340,6,2,7,,,,,24,7,19
341,5,2,,5,2,20,7,,49,
342,25,,2,3,2,,26,6,2,8
343,,,4,4,6,3,1,1,10,1
344,10,19,3,,2,15,19,16,,
345,16,1,6,81,,,,,,
346,1,2,3,10,4,13,3,11,5,10
347,9,,5,15,1,6,3,3,1,2
348,,8,7,1,14,1,,35,,2
349,3,8,,4,1,4,,1,7,1
350,4,2,10,10,24,21,,,,
351,,1,,24,18,2,9,10,9,
352,7,,2,1,2,23,7,,7,1
353,14,,6,,3,5,4,3,,38
354,23,,,,8,19,11,,39,
355,4,9,1,1,13,40,1,13,,
356,32,5,23,,4,4,14,,,
357,1,4,28,9,21,2,6,,,
358,,7,6,3,,26,,,17,4
359,4,22,2,4,6,1,12,,9,5
360,11,1,,,29,10,,3,20,
361,10,13,,8,14,8,,,43,
362,1,8,24,,25,28,,,,
363,9,18,25,14,10,,,,,
364,7,4,,36,1,2,10,1,10,
365,,12,7,2,41,2,2,15,,
366,1,6,2,,10,2,,13,72,
367,1,1,4,,1,,3,5,5,23
368,1,1,1,7,,11,2,12,,4
369,,15,1,13,29,4,11,,,
370,24,1,1,2,2,9,,2,4,3
371,2,17,12,9,16,1,,11,,52
372,,,14,14,3,23,,9,,
373,4,25,4,23,1,,2,6,3,
374,3,2,2,,,62,1,4,,
375,1,5,4,,2,2,10,6,1,15
376,,,64,43,,,,,,
377,,8,,2,,,1,3,2,3
378,22,,1,8,1,4,22,2,1,6
379,1,20,1,4,6,1,2,5,,
380,6,3,1,4,1,,3,10,1,
381,,29,5,16,1,18,,3,,
382,,3,3,5,1,1,15,,,22
383,,1,,2,9,10,,25,22,9
384,12,1,13,5,1,10,7,7,1,1
385,29,2,10,,11,12,19,,,
386,7,2,,4,14,38,,3,,9
387,31,24,2,8,47,,,,,
388,3,2,4,47,7,,18,,,
389,3,16,6,23,4,,21,,,
390,,39,7,1,,7,1,3,6,14
391,1,7,5,18,8,5,3,,2,35
392,18,2,,4,14,,8,4,6,6
393,4,,2,15,4,7,5,7,,5
394,7,,6,6,1,41,6,1,3,
395,8,4,1,21,,5,4,9,,13
396,4,23,,54,,,,,,
397,6,1,9,21,3,,7,1,10,9
398,7,,4,,2,4,1,37,10,10
399,41,2,24,37,,,,,,
400,3,4,,4,5,12,9,1,,39
401,1,1,7,39,,8,1,13,5,
402,9,4,22,2,2,,1,2,15,5
403,,2,1,40,27,4,,,,
404,,1,38,9,2,11,,,1,4
405,4,47,1,,7,,31,,,
406,5,47,1,,3,,7,5,17,
407,22,,6,,9,6,23,24,,
408,5,4,13,15,,10,3,1,1,8
409,15,14,4,35,14,,,,,
410,1,19,7,22,1,3,4,,,7
411,,2,8,17,,23,20,8,,
412,14,9,,6,,1,,,14,14
413,3,6,,13,1,1,6,4,7,21
414,1,1,9,19,4,12,,2,33,
415,,1,9,2,,,1,42,,21
416,2,35,2,3,12,45,,,,
417,11,12,3,1,31,,1,13,,
418,9,10,13,1,13,2,2,3,1,1
419,2,8,3,4,5,,17,,19,5
420,,,41,2,7,2,26,,,
421,8,9,1,2,2,1,4,5,1,2
422,8,1,2,8,,,3,1,15,14
423,47,2,3,1,1,3,21,,,
424,22,26,1,3,2,5,9,17,,
425,12,1,,4,7,10,16,1,3,24
426,1,2,10,,,3,,31,3,
427,10,,10,3,16,3,12,1,3,1
428,7,19,19,,26,,,,,
429,52,,5,,14,,,,,
430,1,1,1,5,4,7,,21,5,4
431,13,19,9,4,5,17,1,26,,
432,6,11,,3,1,8,,10,2,2
433,,23,10,8,1,20,3,2,13,
434,12,4,11,25,20,,,,,
435,1,,,3,20,,6,7,4,27
436,2,1,1,6,11,1,,5,,
437,1,2,5,8,,27,6,,1,9
438,1,9,33,14,,1,,5,13,
439,5,,5,2,14,6,57,,,
440,,19,7,3,9,1,5,17,54,
441,8,4,5,1,18,4,1,,16,1
442,8,4,3,10,4,23,,,,20
443,12,11,3,7,1,4,1,,1,14
444,11,39,22,,,,,,,
445,27,11,,7,3,8,6,,18,
446,,14,2,8,3,1,38,1,34,
447,,1,22,,2,,2,17,,23
448,,,,2,8,40,6,11,,9
449,,,6,16,9,2,6,3,19,84
450,,5,1,13,4,3,24,14,30,
451,1,,7,1,8,3,,2,,70
452,7,26,2,3,44,,,,,
453,1,1,5,7,20,1,10,9,1,
454,8,4,3,17,25,,10,2,,60
455,8,10,7,6,2,4,1,8,7,10
456,7,24,3,20,,13,1,1,68,
457,8,12,3,2,2,1,5,61,,
458,6,11,30,11,5,1,3,2,19,
459,1,7,25,4,9,13,5,2,15,
460,,1,4,,18,23,3,1,39,
461,3,4,5,,2,9,3,,24,12
462,9,2,23,4,7,5,4,18,,
463,1,12,3,8,18,3,17,13,,
464,11,,16,,9,7,3,58,,
465,,28,,4,14,2,31,,,
466,13,7,6,,8,3,5,59,,
467,,35,13,5,5,4,40,,,
468,12,3,9,23,,10,18,,,
469,1,,3,1,27,4,1,1,12,3
470,23,1,17,9,7,1,7,,25,
471,8,,2,6,2,1,,,5,3
472,,12,6,,3,40,6,4,,
473,5,,2,2,,5,7,13,4,11
474,21,6,11,33,,,,,,
475,16,1,13,24,25,,,,,
476,42,1,2,49,,,,,,
477,4,,,2,1,1,,1,4,1
478,2,2,,22,2,,,1,3,1
479,,5,4,8,1,20,19,18,,
480,8,2,,32,,19,2,,17,
481,7,30,32,11,,,,,,
482,,3,6,,5,,4,2,10,24
483,14,6,1,1,4,,13,4,2,5
484,1,,7,26,1,6,8,,,9
485,,1,1,10,10,4,1,,2,21
486,2,,6,3,12,9,2,5,1,1
487,11,6,2,5,,2,,13,5,1
488,,,,,3,4,83,,,
489,7,2,32,7,4,7,10,31,,
490,12,7,,1,3,14,1,5,2,12
491,2,,1,15,,,2,,32,23
492,4,2,1,1,5,,,24,5,15
493,1,2,,,43,1,6,,9,41
494,,7,1,30,19,,1,,,1
495,20,1,4,1,49,,,,,
496,10,7,2,3,,19,3,6,,
497,10,,8,2,11,,,12,,2
498,,9,8,,12,2,1,2,,28
499,2,5,57,8,,,,,,
500,5,,,5,,22,1,,2,1
501,1,4,4,8,1,27,12,,1,12
502,24,,1,34,33,,,,,
503,5,2,8,1,15,,1,6,,
504,18,7,1,,19,4,2,3,14,1
505,2,5,1,,1,8,5,7,,35
506,1,5,37,4,17,1,2,1,1,
507,3,,,1,,11,9,28,52,
508,1,,,,35,5,,7,15,21
509,5,6,14,2,3,5,,52,,
510,,,3,3,31,2,,2,27,5
511,1,2,4,22,25,23,,,,
512,7,4,4,4,12,8,8,1,31,
513,2,,2,41,7,,42,,,
514,9,4,3,4,3,71,,,,
515,25,8,2,1,1,,16,9,3,15
516,16,1,,2,1,31,4,14,2,
517,6,8,5,16,9,,3,7,19,
518,15,7,9,1,6,11,1,4,13,3
519,2,16,13,,8,,3,31,,
520,8,5,17,1,1,1,1,3,5,4
521,8,,,2,3,,2,1,7,2
522,2,,3,4,10,10,7,4,5,8
523,9,4,8,1,3,2,3,,1,4
524,7,46,2,4,1,9,4,,,
525,38,7,4,7,,15,,,,
526,23,,3,30,12,16,,,,
527,4,5,1,2,2,2,3,,15,2
528,,11,,3,1,,28,2,20,5
529,1,3,7,3,9,1,5,3,,1
530,4,,2,,8,2,,1,31,8
531,13,5,12,17,4,5,2,2,26,
532,12,21,28,3,18,,,,,
533,2,4,3,1,13,6,17,10,1,15
534,35,1,,,10,12,7,3,9,
535,35,3,1,2,37,,,,,
536,8,6,,4,1,10,6,12,4,7
537,4,2,,,2,3,1,9,68,
538,11,1,7,4,27,15,1,2,1,14
539,3,24,,5,1,,1,16,1,3
540,,8,7,3,14,,,25,36,
541,9,13,,12,19,1,10,,5,20
542,,1,1,2,3,3,2,48,12,
543,16,18,22,5,2,,1,5,25,
544,9,35,,35,,,,,,
545,2,7,5,,3,,,5,1,10
546,2,7,1,,10,16,6,5,10,5
547,,,7,5,7,7,,,,2
548,8,13,1,8,16,,,1,5,44
549,,11,1,8,4,17,,1,,2
550,16,31,3,,15,8,,,,
551,3,1,7,4,1,2,20,,3,7
552,1,6,8,3,14,17,11,15,,
553,3,1,4,17,7,3,5,8,2,1
554,5,14,1,9,3,12,17,17,,
555,2,,4,,1,16,6,6,63,
556,,2,1,,25,28,44,,,
557,,5,5,4,,19,12,5,17,2
558,2,10,10,40,8,5,,,,
559,1,2,,3,1,10,8,19,4,17
560,23,,9,1,22,5,16,,,
561,12,1,8,8,,9,30,3,,
562,25,22,16,2,16,,,,,
563,8,3,21,9,4,41,,,,
564,5,5,,,3,2,3,1,1,13
565,3,,10,7,1,4,5,15,,2
566,1,4,17,8,,25,5,9,11,
567,28,44,,,,,,,,
568,4,1,12,6,,12,9,,1,1
569,,,2,14,9,2,,43,,2
570,1,2,1,19,1,1,8,32,9,
571,18,3,2,9,17,5,,4,7,
572,1,7,5,22,5,14,,10,13,
573,1,2,7,6,32,10,4,11,,
574,,1,,3,11,,,4,35,8
575,6,3,31,1,1,1,12,4,14,
576,9,,9,9,7,28,5,15,,
577,25,25,36,,,,,,,
578,9,9,5,,1,14,7,4,21,4
579,8,16,8,35,1,8,,,,
580,,28,1,6,,10,21,1,4,
581,5,3,11,5,7,8,2,,5,28
582,,1,1,1,7,,,,4,18
583,14,5,2,,23,2,2,7,29,
584,,2,6,7,,4,8,,2,11
585,,1,5,69,,,,,,
586,,2,1,6,38,3,10,46,,
587,8,,6,,13,10,,,20,9
588,,1,,1,,2,45,9,,11
589,41,15,,22,,,,,,
590,5,1,5,6,4,24,1,3,6,4
591,7,9,1,1,4,3,11,3,7,
592,11,5,11,1,4,3,8,1,11,
593,1,4,,10,7,,2,,,27
594,13,,1,2,4,,8,15,1,17
595,1,13,2,6,,2,1,13,,
596,13,1,6,6,1,4,1,3,3,12
597,14,1,10,,2,1,24,16,41,
598,1,4,4,17,5,1,7,,2,13
599,3,1,1,1,17,,1,1,1,4
600,17,2,10,,17,,52,,,
601,9,,,,22,6,5,26,,19
602,,,,2,27,2,3,1,4,
603,,11,18,,3,1,14,,4,2
604,1,8,7,,14,13,1,,16,17
605,3,2,1,,11,16,2,7,2,24
606,8,7,13,1,9,2,23,7,9,
607,16,,,,3,4,1,3,22,
608,1,,16,10,16,1,2,1,5,19
609,6,3,,10,4,1,,18,14,4
610,,1,,,41,58,,,,
611,1,5,11,,25,2,,5,2,35
612,3,,,,2,,,35,1,43
613,1,1,27,4,6,1,,1,24,42
614,,2,,1,3,2,1,1,1,11
615,7,33,2,,5,,1,3,3,45
616,,3,2,5,32,42,,,,
617,4,5,11,1,9,,8,44,,
618,2,,3,,34,10,12,,2,
619,5,1,,3,10,14,,25,30,
620,17,23,1,2,5,14,,,,13
621,2,,20,5,,,14,1,5,
622,,,5,,40,1,5,10,24,
623,,3,,,18,,13,4,24,1
624,6,7,,8,11,,28,11,,
625,6,2,28,4,2,8,1,7,2,1
626,7,7,7,1,11,8,24,31,,
627,1,,4,23,16,,15,37,,
628,4,3,1,1,7,,5,2,1,1
629,11,7,5,16,,15,63,,,
630,5,19,26,1,7,,6,26,,
631,1,,19,16,5,3,,20,20,
632,8,,5,10,3,,,14,,1
633,29,,,1,2,1,1,7,2,18
634,7,,3,,6,1,2,4,17,1
635,5,1,18,26,1,17,,1,2,
636,5,,6,,8,25,4,9,8,45
637,1,7,,25,7,8,4,,19,
638,1,7,4,6,,4,2,14,,
639,,,1,14,11,9,5,14,5,14
640,1,3,9,32,12,1,,1,5,59
641,25,2,15,4,4,47,,,,
642,,3,6,7,,42,,1,11,4
643,58,,1,27,,,,,,
644,,20,,2,3,5,17,,1,56
645,1,2,5,1,5,,11,5,3,39
646,4,3,,,1,24,7,1,,1
647,1,,,11,4,,4,10,12,13
648,,,11,10,1,19,5,8,25,
649,1,2,3,41,19,4,6,,,
650,19,3,,1,5,6,4,,15,6
651,1,5,,1,63,5,,,,
652,12,,4,3,,,,4,1,13
653,,1,,18,2,2,4,,,9
654,1,5,,8,3,1,5,2,6,7
655,16,13,6,2,2,11,,2,11,5
656,11,4,19,1,1,4,9,13,11,
657,1,8,10,3,14,1,1,13,15,6
658,12,,11,10,5,6,,4,,2
659,1,3,4,,23,,25,1,,26
660,21,12,5,6,7,7,,4,11,
661,21,6,10,,6,19,9,,,
662,,2,24,9,4,6,11,13,12,
663,3,14,,12,18,34,,,,
664,1,1,1,3,1,14,,8,7,7
665,,,3,,1,,2,21,3,8
666,22,,11,15,,8,,6,,1
667,1,21,5,9,32,1,,4,,
668,12,,1,29,5,4,1,,55,
669,5,1,22,28,25,,,,,
670,,11,6,,,1,13,5,4,14
671,29,5,,10,4,4,,,1,4
672,6,9,2,35,10,10,,,,
673,9,,14,,,85,,,,
674,4,6,6,6,17,,3,,4,1
675,2,5,,8,,3,1,,19,
676,23,4,6,1,6,7,2,1,1,5
677,1,6,1,2,,3,6,,,15
678,,14,1,12,,12,1,26,1,6
679,1,,1,,3,8,12,6,16,
680,,,3,34,14,1,5,47,,
681,9,,1,6,4,8,5,,28,25
682,8,24,1,27,,,62,,,
683,2,8,13,3,10,6,,8,,18
684,12,6,11,2,,11,3,2,16,19
685,4,3,,5,4,8,48,,,
686,1,5,1,,1,7,1,1,11,12
687,,,2,1,,6,1,31,5,64
688,,12,4,,2,16,41,,,
689,,1,2,3,21,22,2,,4,2
690,1,,1,6,,1,2,,2,22
691,5,,10,15,10,,70,,,
692,15,10,1,11,5,8,6,32,,
693,7,,4,14,1,13,,23,,5
694,31,1,,17,5,15,14,,,
695,,3,2,11,1,4,4,2,,8
696,,2,,,5,,1,10,5,12
697,5,1,1,25,7,1,4,2,1,7
698,9,1,9,,4,,3,13,,65
699,1,17,2,1,,,8,5,1,24
700,17,,4,,14,5,1,10,4,
701,7,11,1,1,,17,2,27,2,25
702,8,3,21,1,31,1,3,3,,
703,9,19,1,,8,,1,3,12,1
704,6,11,42,11,4,,,,,
705,3,3,,27,10,14,3,14,,
706,48,,1,1,2,,17,1,,48
707,,2,14,5,19,2,1,17,,5
708,7,,2,13,1,5,,14,7,
709,3,2,3,15,7,3,6,1,,6
710,3,,,25,7,1,2,1,1,
711,2,1,2,5,2,3,6,,,5
712,3,1,1,36,35,,,,,
713,1,2,6,,1,12,4,13,,1
714,1,2,,3,2,3,10,3,1,
715,14,2,9,12,2,5,13,1,30,
716,19,3,,1,,2,5,,42,
717,10,1,11,2,,5,15,4,9,25
718,,,,6,26,5,4,1,23,5
719,,3,36,,4,21,121,,,
720,6,1,,26,35,28,,,,
721,,,2,2,1,50,15,17,,
722,67,,13,,,,,,,
723,,1,,,25,,14,2,16,5
724,13,,55,17,,,,,,
725,,24,6,13,2,8,5,,1,1
726,1,18,16,31,9,,,,,
727,,,3,17,,,1,7,,18
728,1,6,2,,11,4,,,4,22
729,1,9,1,29,6,16,5,,42,
730,5,17,,2,10,1,,5,25,5
731,,11,3,2,,3,2,1,60,
732,13,1,,13,7,3,12,2,,4
733,23,,,,6,3,28,3,9,
734,1,5,8,22,,5,16,11,16,
735,19,,7,15,1,1,1,9,2,
736,22,2,16,,5,3,17,5,9,
737,22,6,1,1,7,33,7,,,
738,27,20,,1,21,2,,,,
739,2,13,1,1,13,3,1,22,,
740,,8,1,44,1,,3,4,1,11
741,4,2,2,14,,16,1,5,7,13
742,9,26,17,6,,1,1,,10,8
743,,1,9,1,,,2,6,5,111
744,1,3,10,,6,28,4,,10,2
745,,,,2,4,,26,7,5,
746,12,,1,2,6,9,3,1,4,9
747,1,,1,5,23,,6,2,26,1
748,5,21,10,9,,24,9,,,
749,20,41,46,,,,,,,
750,12,15,11,1,2,,6,8,,62
751,38,7,1,1,10,,12,2,,
752,1,22,4,2,1,2,6,3,1,
753,13,5,21,5,,3,42,,,
754,2,1,4,10,1,,2,21,43,
755,3,,5,13,9,4,19,,39,
756,2,17,6,11,5,1,23,1,37,
757,,1,3,3,18,4,9,,10,113
758,13,40,1,6,11,,,,,
759,3,1,14,,13,21,2,14,11,
760,5,4,,13,3,,9,8,22,33
761,3,5,37,1,2,33,,,,
762,,2,,4,26,10,1,,16,1
763,1,5,1,6,,3,7,1,3,3
764,,,5,2,2,5,1,1,1,27
765,2,37,10,4,1,8,14,,,
766,31,1,23,,20,,,,,
767,7,2,2,6,,2,16,,11,6
768,,18,21,1,2,6,11,7,1,4
769,6,6,24,7,3,4,6,1,39,
770,,2,2,8,1,13,3,1,9,17
771,17,3,31,9,2,,10,,,
772,4,9,,3,,26,5,1,12,6
773,5,1,9,,1,2,9,7,21,8
774,4,,,38,2,3,,30,,
775,3,7,,1,4,10,15,11,2,16
776,,7,3,6,30,1,,2,1,20
777,,1,10,1,3,2,4,2,15,18
778,22,,2,21,6,9,5,9,,
779,7,1,1,1,3,1,2,3,10,1
780,12,2,1,,24,21,19,,,
781,,3,46,6,1,,3,,27,
782,,3,11,8,11,10,6,43,,
783,6,,3,1,,2,8,8,7,45
784,6,3,,1,2,31,18,2,9,
785,9,6,25,,,23,14,,,
786,,1,17,,,35,,2,6,
787,44,8,1,16,6,,,,,
788,5,16,,8,3,1,31,17,,
789,12,,5,5,1,38,19,,,
790,1,1,1,2,6,3,1,,1,2
791,14,16,19,,1,5,,2,1,2
792,1,,,2,8,3,17,31,2,1
793,3,32,29,8,,,,,,
794,,,1,9,13,1,2,1,13,9
795,,4,9,1,5,8,18,25,8,
796,,12,,28,3,21,19,,,
797,31,32,7,1,,,,,,
798,8,,1,37,1,2,18,,13,
799,28,5,,1,18,5,1,15,,
800,1,3,,2,5,,5,7,,12
801,2,2,1,7,16,49,,,,
802,2,8,24,4,2,7,,27,,
803,19,6,2,2,3,16,,56,,
804,1,1,5,3,1,13,1,73,,
805,1,2,,,,21,4,8,4,7
806,,27,2,14,1,6,,,2,7
807,1,1,1,1,3,7,16,1,,27
808,8,33,31,,,,,,,
809,2,8,19,,35,,,3,1,20
810,5,16,12,,2,,15,,10,18
811,3,1,1,36,1,8,,23,,
812,2,8,2,22,11,4,1,2,3,10
813,6,2,29,7,13,29,,,,
814,1,1,2,,2,,4,6,7,12
815,1,2,32,28,11,,,,,
816,,5,33,14,,33,,,,
817,8,,4,6,1,3,3,,,10
818,22,9,,4,,13,1,,,7
819,5,7,,,2,7,3,2,6,20
820,,10,1,,12,2,5,19,8,56
821,4,10,35,2,10,,1,2,3,3
822,16,,5,3,7,2,1,15,1,20
823,15,,3,,1,5,2,8,1,60
824,10,1,4,1,,2,,8,,2
825,28,23,3,1,5,,,,11,
826,14,1,4,,6,1,1,2,,2
827,1,2,3,11,3,,3,21,5,16
828,,4,13,7,,9,6,18,6,2
829,4,1,,22,12,1,1,2,11,1
830,17,5,2,6,66,,,,,
831,10,1,3,8,3,1,50,,,
832,,25,,1,7,1,20,7,2,5
833,3,2,14,20,6,58,,,,
834,,,4,,14,1,,14,10,2
835,4,2,2,1,7,1,6,1,2,73
836,1,,2,,2,,1,9,3,29
837,6,12,,16,2,1,26,,30,
838,4,11,3,,,24,26,12,,
839,5,5,,,29,4,62,,,
840,14,6,,6,18,4,5,5,3,1
841,3,,38,9,4,1,7,1,19,
842,11,17,19,,1,3,1,23,,
843,1,4,5,14,12,2,,1,3,3
844,2,,4,,18,9,64,,,
845,24,7,3,,1,22,11,1,,4
846,13,9,4,3,4,2,14,12,9,32
847,,1,1,4,1,2,1,2,,
848,2,2,,9,1,1,2,,,3
849,15,1,,1,2,1,9,,10,16
850,,,39,1,35,,,,,
851,8,,19,11,,1,,4,,7
852,,8,,6,18,1,,8,14,2
853,3,1,6,2,11,,13,,9,14
854,7,13,2,12,10,7,13,1,,11
855,9,,1,13,1,25,,,75,
856,,,7,8,2,15,1,8,10,31
857,,,,,8,6,24,1,2,14
858,1,16,1,6,,17,4,7,,16
859,2,6,18,2,4,4,8,,69,
860,6,29,15,6,,14,11,,,
861,,,13,25,1,17,1,1,2,22
862,,17,1,14,23,1,6,2,1,
863,24,4,6,6,,12,,1,,33
864,1,5,,12,4,,15,23,2,8
865,13,1,6,1,4,5,3,19,43,
866,2,24,21,1,11,15,,,,
867,3,11,,,10,,26,30,,
868,,8,10,11,18,1,2,5,13,4
869,,1,27,1,11,1,23,1,,17
870,13,,16,1,7,11,14,24,,
871,7,11,2,52,,,,,,
872,37,,3,4,,21,3,16,,
873,31,,,2,,13,15,1,10,
874,18,32,1,16,,61,,,,
875,,,15,15,23,35,,,,
876,22,36,20,,,,,,,
877,,1,,,8,1,2,18,30,
878,21,22,6,7,8,1,1,,24,
879,17,19,5,1,27,1,6,,,
880,,6,5,6,4,,4,28,1,9
881,,1,15,1,1,3,1,,4,8
882,1,11,5,1,17,3,,17,7,19
883,11,3,17,6,2,3,,75,,
884,16,3,7,,2,17,5,,5,4
885,2,1,,3,2,2,2,,40,22
886,1,3,1,26,1,27,7,1,5,
887,11,,5,4,27,23,13,,,
888,1,3,,6,24,1,,9,6,24
889,3,1,2,2,9,,,4,4,
890,,11,8,,24,1,,2,15,7
891,8,6,1,16,8,,1,8,70,
892,58,1,11,2,,,,,,
893,2,,35,,3,34,,,,
894,7,2,21,5,2,,,5,38,
895,1,1,,,,,72,,,
896,,1,19,15,3,3,1,24,2,25
897,43,,11,4,10,2,7,,,
898,4,33,,1,,,3,1,5,
899,,3,23,,1,8,45,,,
900,3,16,,21,1,2,8,7,13,
901,1,,1,5,13,18,,,2,18
902,10,2,46,4,,17,,,,
903,,1,3,105,,,,,,
904,19,24,,,2,2,5,16,6,
905,37,,4,,9,1,5,5,,4
906,5,1,,6,21,15,,3,2,15
907,16,1,8,,,1,36,,3,22
908,6,5,10,,10,10,10,23,,
909,11,4,2,6,,2,7,11,1,1
910,7,7,,1,7,2,3,2,52,
911,45,1,1,,,7,,10,2,2
912,4,,4,5,,2,4,4,,
913,,,22,8,7,2,,7,30,
914,10,2,6,2,2,52,,,,
915,1,3,4,,8,,7,,72,
916,24,2,,21,2,4,20,,,
917,35,18,17,1,,,,,,
918,12,59,,,,,,,,
919,18,25,,8,2,1,6,7,4,
920,2,4,2,2,4,7,9,8,16,1
921,28,64,,,,,,,,
922,7,2,10,,1,,9,2,,40
923,25,5,1,1,5,,61,,,
924,,6,,2,10,12,,21,3,47
925,2,4,19,,6,13,1,35,,
926,1,6,,,17,8,4,13,14,2
927,,47,3,4,,,56,,,
928,6,18,2,7,1,19,6,4,14,
929,17,5,2,4,1,47,,,,
930,,3,9,1,6,1,43,8,,
931,25,,1,,,8,27,3,1,84
932,4,,1,9,18,,1,3,4,42
933,2,10,3,,,,8,4,2,
934,,,1,,4,8,7,53,,
935,2,2,3,9,1,,,1,49,42
936,2,8,2,5,2,4,1,23,1,1
937,11,34,7,36,,,,,,
938,3,41,2,52,,,,,,
939,,10,3,1,,8,3,11,14,2
940,,48,1,,,1,5,1,2,3
941,5,7,,6,1,4,,24,25,
942,9,14,6,2,48,,,,,
943,,1,4,4,6,,,28,6,37
944,1,,,8,,1,2,1,6,1
945,1,6,2,16,19,21,1,42,,
946,22,3,,63,,,,,,
947,20,1,45,11,,,,,,
948,9,8,1,6,3,1,,3,24,3
949,8,2,11,13,33,20,,,,
950,12,18,5,,2,6,2,7,15,3
951,22,20,10,35,,,,,,
952,5,3,6,32,,4,28,,,
953,2,,1,18,19,,40,,,
954,7,2,15,28,5,7,12,,,
955,1,5,,,11,5,10,,1,7
956,3,3,1,,1,4,3,7,,2
957,2,,,6,4,1,,1,15,13
958,2,4,,2,1,15,2,14,,24
959,15,7,64,,,,,,,
960,,2,6,,,10,1,1,45,9
961,14,,4,9,6,3,9,4,1,19
962,1,32,22,10,4,4,,,,
963,34,1,5,14,,49,,,,
964,4,,5,2,2,28,1,,35,
965,,,20,8,5,20,5,5,4,19
966,7,3,24,,14,1,1,,19,5
967,9,5,59,,,,,,,
968,1,4,2,15,5,6,4,1,4,1
969,,6,,29,1,8,3,7,42,
970,,1,1,6,4,,22,,1,
971,3,12,3,5,,7,24,16,2,
972,13,20,2,10,4,5,25,,,
973,,,8,13,2,33,8,1,2,
974,3,,1,31,1,3,6,1,,85
975,15,23,10,,13,1,,1,27,
976,1,6,1,13,5,1,1,51,,
977,9,21,12,,,,25,,14,
978,1,34,1,1,5,14,3,10,4,
979,,,18,5,1,25,4,,1,
980,19,6,,32,11,,11,,,
981,16,8,8,1,14,3,5,2,1,7
982,1,1,13,5,18,,20,9,24,
983,,12,1,2,15,5,1,26,3,
984,85,,,,,,,,,
985,16,1,4,6,2,6,15,1,54,
986,15,6,,3,1,21,,,1,5
987,1,2,4,20,9,16,,,38,
988,9,9,6,4,1,3,11,1,1,5
989,8,2,,4,20,3,,,,5
990,7,6,3,1,25,7,,,6,
991,,19,2,5,9,8,,4,23,
992,2,5,15,1,16,3,21,1,1,6
993,2,1,8,,1,3,2,,1,34
994,5,,12,7,1,8,,2,7,1
995,4,,7,8,8,6,15,,5,8
996,7,6,1,69,,,,,,
997,10,2,1,20,1,30,8,,,
998,5,4,3,,1,1,7,2,31,35
999,2,46,21,1,9,,,,,
1000,19,5,2,5,,2,2,6,4,
1001,,1,4,,5,29,2,1,53,
1002,1,4,27,3,23,25,,,,
1003,3,1,1,,12,,2,6,1,2
1004,4,2,9,,,1,9,,44,53
1005,6,1,11,3,6,4,4,18,1,9
1006,,1,2,9,6,7,,2,48,
1007,2,11,,2,6,,2,13,8,35
1008,6,5,9,9,2,,11,11,17,62
1009,46,,,1,7,2,1,2,19,
1010,,7,5,3,7,1,23,8,26,
1011,13,6,15,2,2,4,,3,4,7
1012,,11,3,6,3,21,,9,10,8
1013,2,2,,6,19,1,8,7,2,
1014,25,6,2,,,,22,1,2,4
1015,,4,18,11,18,10,4,15,,
1016,1,28,6,4,,7,3,,22,
1017,12,,2,,16,1,,3,17,20
1018,2,1,7,22,9,14,9,12,,
1019,6,33,3,9,8,,19,,,
1020,11,7,,11,1,7,13,15,38,
1021,4,1,1,,,5,4,,15,1
1022,4,3,4,,1,3,,31,3,3
1023,,,,,1,,8,27,,74
1024,39,9,10,4,5,,1,28,,
1025,9,13,1,,6,2,,1,1,72
1026,13,16,2,3,,1,12,,2,41
1027,,16,3,10,26,35,,,,
1028,2,1,,,,19,,13,1,5
1029,27,9,51,,,,,,,
1030,73,,,,,,,,,
1031,3,,9,,25,12,10,2,10,
1032,3,3,20,,5,1,9,4,2,4
1033,5,1,8,,,2,9,50,,
1034,,1,4,1,11,,7,27,11,
1035,65,1,10,,,,,,,
1036,,,12,2,,,4,8,,15
1037,4,8,2,17,2,3,1,38,,
1038,2,,3,7,8,7,8,28,,1
1039,2,24,,4,5,,1,1,2,10
1040,30,4,9,,8,11,28,,,
1041,5,2,25,4,1,,6,15,14,
1042,,,5,9,6,3,1,,,7
1043,3,,5,2,,12,,1,9,2
1044,21,2,,1,2,11,18,3,3,
1045,7,15,,4,3,4,2,6,3,14
1046,1,7,20,6,7,10,2,1,5,1
1047,2,,11,11,3,8,25,25,,
1048,4,12,4,1,19,1,,5,11,51
1049,13,18,7,,5,4,3,,1,35
1050,22,18,28,9,,,,,,
1051,2,9,3,9,5,,35,7,9,
1052,10,5,9,13,1,68,,,,
1053,,3,5,4,11,25,3,20,,
1054,,10,1,41,9,1,,,2,1
1055,9,,11,2,1,2,10,4,32,
1056,1,,15,7,8,7,11,,,2
1057,2,2,22,5,2,,1,8,8,15
1058,10,2,2,,14,1,34,2,29,
1059,15,9,10,2,3,1,1,13,,84
1060,2,2,,7,6,1,2,36,8,9
1061,1,1,15,2,6,,15,18,4,19
1062,1,22,1,3,2,1,28,5,,30
1063,,7,13,13,1,20,5,17,,
1064,,,20,3,22,4,15,8,,
1065,20,1,,7,4,28,,5,1,2
1066,2,5,8,1,10,,5,19,8,1
1067,8,,61,4,,,,,,
1068,7,13,2,8,,,19,17,11,
1069,12,1,1,,1,,7,1,11,1
1070,2,1,4,76,,,,,,
1071,4,4,12,14,9,1,6,7,1,15
1072,6,2,1,,9,2,15,3,12,3
1073,1,21,3,,3,14,25,18,,
1074,46,22,3,,,,,,,
1075,12,5,5,21,31,,,,,
1076,,2,10,2,,3,6,21,9,
1077,1,11,4,8,,14,,,11,48
1078,1,13,15,7,9,11,17,,,
1079,22,7,1,3,,1,1,2,10,6
1080,7,5,1,3,,10,3,,4,26
1081,1,5,,,,10,,5,,28
1082,,4,38,18,15,,,,,
1083,9,1,4,1,4,,,4,1,20
1084,5,15,2,4,6,7,,12,2,2
1085,,5,,,13,7,9,13,,
1086,1,20,,1,,1,5,3,4,24
1087,2,4,3,1,1,2,2,112,,
1088,1,6,10,16,4,3,74,,,
1089,28,6,,2,2,14,30,,,
1090,4,19,3,22,6,5,,2,1,20
1091,,3,5,7,7,3,2,13,1,3
1092,4,1,21,41,10,,,,,
1093,12,,3,8,8,1,1,1,2,4
1094,1,16,4,9,3,28,4,9,,
1095,,1,2,46,1,,26,,,
1096,8,,18,,4,,,5,21,48
1097,,39,16,1,11,21,,,,
1098,3,5,3,8,6,,2,7,9,
1099,,,7,5,2,,4,3,4,14
1100,1,8,,34,24,1,94,,,
1101,30,1,,10,31,,,,,
1102,1,,2,8,4,3,4,11,3,6
1103,3,10,5,1,35,15,8,,,
1104,,14,5,1,23,20,14,,,
1105,4,40,2,6,,6,33,,,
1106,3,15,11,9,10,,7,6,6,91
1107,14,6,1,3,3,12,,14,8,
1108,,2,1,,39,13,3,19,,
1109,,6,49,8,7,4,,,,
1110,,5,3,35,,2,2,13,1,6
1111,,,3,3,8,1,11,,19,17
1112,,18,10,21,3,9,9,1,,
1113,5,3,16,42,16,,,,,
1114,,3,21,1,35,,17,,,
1115,,2,6,,11,2,31,,,10
1116,7,6,18,3,4,5,2,52,,
1117,,,,8,13,,17,5,1,11
1118,5,6,2,,38,12,3,6,,
1119,3,6,7,,6,12,2,18,1,44
1120,3,23,9,18,26,,,,,
1121,,1,2,1,6,4,5,,14,
1122,,41,1,,77,,,,,
1123,4,1,29,22,5,,17,,,
1124,8,3,20,,,4,5,,11,21
1125,1,2,3,87,,,,,,
1126,1,1,3,6,1,8,4,18,18,2
1127,9,,1,1,7,3,4,3,10,26
1128,4,,15,,3,8,23,27,,
1129,,1,7,3,,5,10,1,111,
1130,13,1,4,2,57,,,,,
1131,2,1,3,22,,2,1,1,,13
1132,,,20,,47,21,,,,
1133,,2,,15,5,2,3,,18,11
1134,1,,,22,4,2,1,,17,1
1135,,5,4,8,2,2,1,11,,2
1136,,,2,,8,2,1,1,,
1137,14,,11,65,,,,,,
1138,15,3,15,1,43,,,,,
1139,,,,13,15,17,5,8,17,
1140,9,9,3,3,6,4,12,3,7,10
1141,21,1,1,1,3,8,,1,7,30
1142,6,1,4,12,15,13,27,,,
1143,6,3,,1,3,,4,5,1,38
1144,4,5,1,11,,,13,15,10,8
1145,1,2,1,16,1,25,7,9,9,
1146,16,18,32,1,1,6,,,,
1147,16,2,1,1,2,1,4,33,14,
1148,,3,15,4,22,,6,20,1,
1149,11,2,8,2,5,1,1,,4,15
1150,6,3,,14,,2,16,,13,12
1151,1,26,,3,14,2,46,,,
1152,1,36,1,,,15,6,17,,
1153,2,17,1,2,3,2,8,,10,1
1154,3,1,,22,,1,1,7,5,20
1155,27,17,2,12,17,,,,,
1156,20,,37,4,3,13,,,,
1157,4,8,11,4,3,15,10,1,11,2
1158,3,2,3,23,6,40,,,,
1159,1,8,5,7,,11,9,7,11,14
1160,1,1,6,11,22,10,1,1,12,7
1161,6,13,2,1,1,1,42,3,,
1162,18,,1,13,3,2,9,2,1,1
1163,2,8,1,10,14,4,1,2,5,
1164,3,6,5,30,1,3,,4,15,6
1165,5,4,5,11,,8,11,7,13,6
1166,1,2,3,2,11,35,18,,,
1167,1,2,,6,10,,18,16,24,
1168,12,3,6,13,1,1,,9,81,
1169,,52,41,,,,,,,
1170,3,16,3,14,1,34,,,,
1171,13,9,4,,23,35,,,,
1172,8,19,2,4,2,,12,5,,30
1173,1,49,,4,,8,1,6,11,
1174,1,,9,,11,,,18,16,26
1175,5,1,3,27,2,6,1,2,26,
1176,5,2,6,,9,,,,2,5
1177,41,16,,6,,,1,9,,
1178,24,6,18,43,,,,,,
1179,,19,1,15,2,7,4,,1,
1180,14,2,,12,7,18,6,19,,
1181,3,,11,2,4,,,5,,2
1182,,2,3,19,11,4,7,24,15,
1183,34,,24,21,,,,,,
1184,,1,7,7,9,4,21,,5,1
1185,1,14,1,10,11,2,2,1,,6
1186,4,,9,,23,6,4,,45,
1187,2,13,,11,8,7,7,43,,
1188,11,,1,,1,9,19,9,2,1
1189,1,1,6,5,11,19,3,19,5,48
1190,5,6,4,45,,1,1,9,,
1191,60,19,,,,,,,,
1192,13,34,,,12,2,6,,,
1193,1,28,2,2,2,4,1,1,79,
1194,2,3,1,14,31,,8,7,3,59
1195,,,6,1,1,1,1,,2,1
1196,10,1,2,22,1,,,,24,23
1197,,3,3,2,9,,7,1,2,12
1198,30,,6,1,5,6,8,,6,2
1199,16,15,,,16,6,4,10,9,
1200,3,1,15,20,2,5,,30,,
1201,18,2,4,20,4,1,34,,,
1202,1,6,,10,10,34,12,,,
1203,18,7,14,,17,1,1,7,13,
1204,13,3,10,3,,,,43,,
1205,1,1,36,4,,7,6,12,1,1
1206,1,2,,11,19,,4,,52,
1207,,1,50,1,,,5,8,,13
1208,6,1,4,7,3,3,3,17,3,17
1209,13,20,1,11,3,3,7,37,,
1210,12,1,18,37,11,,,,,
1211,3,18,3,14,9,1,,22,6,
1212,,24,3,4,13,1,86,,,
1213,3,1,,,,44,15,3,21,
1214,2,3,,5,21,18,1,8,11,17
1215,,4,10,3,8,,,13,1,1
1216,66,21,,,,,,,,
1217,4,,4,30,1,1,18,12,1,
1218,1,,3,1,1,10,3,2,8,7
1219,7,1,33,,39,,,,,
1220,3,10,6,6,6,4,1,12,1,13
1221,13,21,30,1,37,,,,,
1222,21,,,3,,1,11,1,21,32
1223,1,1,11,,,,,14,2,21
1224,1,3,4,2,4,,2,,,
1225,,6,5,19,7,,2,2,12,12
1226,6,1,2,10,20,14,13,4,6,
1227,5,19,1,23,,1,,1,9,7
1228,,3,2,,6,,7,,1,6
1229,11,7,,1,6,1,7,9,,46
1230,,,3,9,,2,6,1,11,29
1231,6,26,10,30,,,,,,
1232,,1,,4,1,2,6,2,1,16
1233,13,,4,19,1,3,5,10,,
1234,,16,,4,,2,1,,38,2
1235,38,,1,4,10,,12,,4,1
1236,1,11,2,,11,18,13,42,,
1237,,,6,9,1,9,2,14,4,1
1238,1,3,2,17,3,2,16,13,,17
1239,6,1,9,19,34,1,1,,,
1240,14,1,1,2,,6,,9,45,
1241,1,6,1,4,1,6,,15,4,1
1242,1,10,13,5,8,3,1,3,,7
1243,8,1,,,2,1,10,9,10,1
1244,2,14,4,20,18,,,40,,
1245,1,,5,25,,1,9,4,26,
1246,4,,4,31,,1,1,9,16,32
1247,,12,19,10,14,,,27,,
1248,1,2,,1,,3,23,15,5,2
1249,13,18,4,6,13,,36,,,
1250,8,32,2,1,3,,21,1,8,
1251,8,2,7,1,,9,1,2,39,6
1252,3,4,27,2,4,5,,4,1,
1253,,1,8,8,,1,7,4,1,
1254,1,16,7,8,1,1,4,39,,
1255,,9,14,58,,,,,,
1256,,5,2,10,5,7,5,,11,
1257,4,,8,1,1,,7,29,25,
1258,,22,25,1,14,3,5,23,,
1259,15,,1,7,,,,6,,
1260,4,14,5,,1,5,1,3,,1
1261,7,21,,3,1,4,5,3,17,2
1262,,5,5,4,8,1,18,,3,2
1263,,6,22,1,2,,1,,2,
1264,1,2,,,,5,5,24,15,8
1265,1,30,4,5,1,,10,1,,36
1266,1,2,15,7,,2,10,,1,16
1267,9,13,7,9,3,,2,8,2,6
1268,9,1,2,1,23,14,,30,,
1269,1,1,6,3,3,33,7,30,,
1270,,5,1,20,2,1,12,21,1,16
1271,17,1,22,14,7,,4,4,5,
1272,1,,1,34,3,,1,1,,4
1273,3,,11,2,12,6,1,64,,
1274,9,7,2,1,9,44,,,,
1275,5,22,2,,3,8,1,18,3,36
1276,35,21,3,1,8,,1,27,,
1277,1,19,10,,3,11,14,7,,37
1278,2,2,,4,2,,7,12,3,5
1279,,2,1,15,,1,2,,,
1280,16,2,1,4,,,2,4,,1
1281,1,6,17,3,16,1,6,3,126,
1282,19,6,9,6,1,26,12,,,
1283,7,6,,12,1,6,36,,1,
1284,9,38,11,15,,,,,,
1285,6,5,13,1,10,1,2,11,12,2
1286,,,7,8,,9,,22,1,3
1287,2,,1,3,28,,2,5,,13
1288,1,5,5,18,3,,10,20,39,
1289,36,,21,17,,,,,,
1290,16,5,23,7,5,5,18,,,
1291,10,15,9,3,6,1,9,6,9,
1292,5,2,21,7,14,,,23,,
1293,,,7,3,9,14,3,,7,
1294,7,3,15,3,3,3,2,18,1,23
1295,1,2,7,4,10,1,14,,2,5
1296,1,45,1,,4,4,36,,,
1297,13,18,5,1,4,6,1,3,6,4
1298,1,1,3,1,4,,4,1,16,33
1299,18,11,25,,9,13,,,,
1300,41,3,10,10,2,16,,,,
1301,2,,,1,1,3,51,19,,
1302,1,4,59,13,,,,,,
1303,5,7,2,3,,,9,,29,11
1304,7,3,,11,5,2,4,1,1,2
1305,,1,,9,2,,14,3,25,
1306,4,7,,,5,1,,18,13,13
1307,12,8,6,2,1,3,15,18,34,
1308,2,17,2,6,3,13,25,3,,
1309,16,1,,6,7,5,,,31,
1310,3,2,1,8,,3,,1,,1
1311,,1,12,,1,2,,,1,
1312,2,1,9,39,2,19,,,,
1313,1,,2,24,4,,4,4,1,6
1314,1,18,11,2,1,,1,1,49,
1315,20,1,1,15,1,16,1,20,,
1316,3,24,3,,4,2,,,6,1
1317,1,7,48,1,2,3,17,,,
1318,24,1,3,,8,2,6,8,62,
1319,,9,22,4,,2,6,3,1,
1320,5,1,5,2,,9,3,6,,1
1321,,2,1,1,3,1,8,1,3,21
1322,1,16,1,20,,1,,10,5,8
1323,10,,9,,3,,8,,,9
1324,4,3,4,,6,1,,11,2,19
1325,1,12,10,3,1,9,1,10,,1
1326,5,13,22,,34,,,,,
1327,1,,,2,14,2,1,10,3,10
1328,4,1,3,1,2,7,10,16,,3
1329,1,10,8,1,2,23,30,,,
1330,8,32,,11,49,,,,,
1331,6,2,7,2,15,14,,,5,11
1332,2,3,10,17,3,,13,17,8,
1333,10,3,,7,5,52,,,,
1334,,,1,2,1,4,13,44,23,
1335,17,1,5,16,8,14,3,56,,
1336,7,34,12,15,25,,,,,
1337,4,11,36,11,2,10,,,,
1338,,,,41,1,1,8,12,14,
1339,,2,,3,7,,12,,14,26
1340,2,1,10,4,1,13,14,60,,
1341,2,4,9,2,7,12,1,5,75,
1342,22,,25,26,,,,,,
1343,4,7,,2,23,1,18,,33,
1344,11,12,14,3,15,3,1,52,,
1345,2,,3,1,,6,1,4,7,2
1346,,,5,4,1,,60,2,,
1347,1,4,2,17,1,,15,1,,2
1348,3,5,2,1,10,,4,5,18,9
1349,,3,4,21,,1,,2,2,18
1350,4,1,15,6,5,3,7,,3,1
1351,,24,2,1,8,,33,18,,
1352,36,5,1,4,,1,10,28,,
1353,12,,2,7,2,4,36,11,,
1354,15,8,8,9,7,,2,3,2,1
1355,1,,1,3,2,5,,,11,
1356,42,16,8,4,,6,,,,
1357,6,14,4,10,1,34,6,,,
1358,4,22,5,1,1,,16,2,29,
1359,1,4,6,18,8,14,3,1,44,
1360,2,,1,3,,20,11,1,7,41
1361,8,,1,1,,9,,39,,
1362,,11,1,2,4,,,3,3,65
1363,3,15,4,19,,,41,,,
1364,1,,8,19,2,2,10,4,28,
1365,5,2,2,,13,3,30,2,24,
1366,3,1,5,19,3,18,15,2,55,
1367,6,9,3,1,20,1,6,3,1,
1368,2,16,7,2,2,,1,16,8,
1369,,6,1,5,1,12,1,5,,1
1370,,18,1,2,1,4,,4,3,10
1371,1,13,,6,4,8,3,11,19,2
1372,,1,29,5,24,2,,11,,
1373,,,,11,10,,54,,,
1374,,1,1,8,5,29,39,,,
1375,6,1,2,,4,3,,1,1,
1376,13,5,17,4,1,4,1,2,4,4
1377,6,2,8,7,,4,6,26,1,32
1378,13,2,18,4,7,1,27,,,
1379,12,3,1,2,,17,,6,1,17
1380,2,5,9,,2,,,,1,1
1381,1,1,11,4,42,,1,2,21,
1382,11,,,,5,3,5,,,
1383,5,1,2,1,1,15,1,25,3,33
1384,,38,,2,,17,29,,,
1385,1,4,2,6,,1,4,,9,
1386,,6,6,31,,10,49,,,
1387,3,22,,9,2,5,,1,11,3
1388,44,13,23,,,,,,,
1389,11,5,12,,1,2,2,4,2,42
1390,9,11,8,,,4,27,3,2,8
1391,1,,1,1,18,,,5,1,11
1392,8,1,,4,4,3,3,32,2,1
1393,32,4,23,6,1,1,14,,,
1394,3,15,7,2,4,3,2,,42,
1395,3,3,5,,1,,7,20,13,16
1396,3,,8,2,5,2,9,,6,
1397,29,5,1,7,2,2,2,1,7,22
1398,2,2,,1,,,15,1,6,5
1399,14,36,1,8,,3,1,5,2,3
1400,11,1,,1,1,2,17,10,1,13
1401,,,,31,8,,9,3,7,6
1402,2,9,1,5,1,9,26,26,,
1403,15,5,3,,1,10,32,5,,
1404,2,24,5,,1,10,,10,8,4
1405,8,34,11,1,1,13,29,,,
1406,5,,1,1,1,7,13,1,5,
1407,15,1,19,13,9,34,,,,
1408,2,2,,,,2,,18,10,3
1409,8,4,,4,,10,15,,29,2
1410,,,,2,19,,3,2,11,4
1411,5,3,,3,18,1,1,3,2,9
1412,10,7,12,2,6,6,,,23,2
1413,3,,4,6,9,8,2,4,3,10
1414,10,,2,30,9,2,23,,,
1415,,1,8,,2,3,,,1,
1416,3,,16,11,,1,3,4,30,16
1417,5,3,3,1,17,2,,3,,3
1418,2,19,,10,1,9,17,4,,5
1419,1,3,8,1,11,6,1,1,17,12
1420,2,4,1,19,,7,6,15,,5
1421,,,16,3,,4,13,46,,
1422,8,,36,19,3,6,,,,
1423,1,,2,,4,,1,1,1,27
1424,15,40,,36,,,,,,
1425,3,30,1,9,11,,,8,8,
1426,21,3,2,6,5,4,1,2,5,4
1427,4,5,,10,12,,31,,1,42
1428,5,2,3,1,7,43,2,8,,
1429,1,1,6,1,2,12,32,28,,
1430,,1,,10,,2,,6,,2
1431,,29,,,24,6,8,5,,
1432,8,1,11,1,1,,2,,1,65
1433,1,5,2,39,3,4,16,21,,
1434,1,,1,9,13,14,2,4,5,13
1435,19,1,27,,28,,,,,
1436,4,,2,18,2,1,4,,34,36
1437,18,81,,,,,,,,
1438,4,50,,43,,,,,,
1439,33,4,9,,,2,8,19,,
1440,4,,3,1,1,68,,,,
1441,3,17,2,,,8,3,4,1,4
1442,3,26,23,6,6,4,,5,,
1443,5,1,24,,,3,7,,2,35
1444,16,1,11,,1,,,8,17,
1445,25,3,7,50,,,,,,
1446,9,8,9,15,5,2,6,4,25,
1447,3,6,3,9,,20,36,,,
1448,,1,7,5,4,25,,14,32,
1449,1,8,49,5,9,,,,,
1450,43,,23,1,6,,,,,
1451,3,7,13,1,13,6,,2,12,
1452,1,5,9,1,2,11,14,51,,
1453,50,2,1,12,25,,,,,
1454,11,30,,5,,24,14,,,
1455,,28,1,6,2,14,,3,4,46
1456,,1,,2,3,8,1,14,20,12
1457,7,,1,21,2,5,2,30,7,
1458,1,1,,13,21,3,9,1,,1
1459,5,2,3,1,,,3,,10,8
1460,1,1,13,24,10,8,5,15,,
1461,16,4,7,5,10,12,,3,3,5
1462,16,9,3,6,13,26,,,,
1463,,2,,13,4,1,,1,5,
1464,7,18,12,9,9,13,1,,2,
1465,1,6,35,1,2,23,22,,,
1466,4,,4,1,,2,4,9,6,20
1467,1,2,,2,1,1,4,3,,9
1468,,5,42,4,60,,,,,
1469,4,2,,,23,6,9,,1,2
1470,5,9,1,3,1,12,13,5,,27
1471,10,12,,2,1,8,7,23,5,
1472,2,,11,77,,,,,,
1473,1,3,5,31,2,1,,,6,1
1474,10,1,,8,4,1,6,4,11,10
1475,6,14,2,3,,12,,2,,6
1476,19,3,1,16,5,2,6,2,12,2
1477,2,1,2,37,,21,,26,,
1478,,,6,5,,7,1,1,4,2
1479,12,,1,1,,5,,16,37,
1480,20,3,2,17,,1,2,36,,
1481,10,10,1,2,24,2,2,2,14,7
1482,3,10,11,4,2,35,28,,,
1483,7,,48,25,,,,,,
1484,1,41,8,,,7,8,2,4,
1485,,20,2,14,1,6,15,2,28,
1486,1,13,28,3,4,1,3,27,,
1487,29,2,10,29,13,,,,,
1488,16,12,24,1,24,,,,,
1489,2,14,10,10,6,,4,6,3,26
1490,1,5,2,1,12,1,,29,,8
1491,2,5,1,2,8,5,2,14,2,1
1492,12,8,19,11,,6,1,5,23,
1493,7,1,8,2,,4,9,17,2,24
1494,1,4,,18,1,38,3,13,,
1495,,2,14,11,1,,3,12,9,1
1496,12,54,,14,,,,,,
1497,2,7,1,6,1,,8,19,32,
1498,16,12,11,1,1,1,13,4,1,2
1499,54,,14,1,12,,,,,
1500,7,30,3,3,39,,,,,
1501,,3,9,1,11,5,3,10,,8
1502,,2,5,1,2,1,,7,25,
1503,6,2,3,1,3,19,8,6,6,2
1504,10,,2,12,3,1,11,14,2,4
1505,42,1,30,,,,,,,
1506,10,3,3,,8,34,1,1,11,
1507,30,8,1,1,,8,9,2,,11
1508,2,,1,2,6,5,3,5,8,4
1509,,11,,3,4,,12,2,6,6
1510,17,21,8,8,5,2,2,20,,
1511,1,3,,1,22,7,21,3,7,10
1512,13,14,,23,36,,,,,
1513,28,1,1,4,1,,1,1,2,7
1514,2,,11,,10,1,,,41,86
1515,1,6,1,8,78,,,,,
1516,,,,3,,3,5,1,3,1
1517,2,8,13,19,24,,2,,20,
1518,8,10,25,17,,4,1,7,,
1519,13,,4,4,15,46,,,,
1520,,,,24,9,4,4,2,,3
1521,3,2,7,26,8,4,4,10,21,
1522,3,1,1,3,2,3,28,5,1,3
1523,16,11,17,,2,2,,,7,1
1524,8,7,5,,23,5,19,,2,3
1525,2,5,3,,8,4,1,1,,18
1526,33,,5,25,29,,,,,
1527,2,7,,1,,23,1,7,9,38
1528,4,1,13,,8,12,,5,1,19
1529,41,2,34,,,,,,,
1530,27,1,,1,5,42,,,,
1531,10,,7,3,2,,,5,10,7
1532,10,3,,1,1,5,4,,3,1
1533,3,7,1,4,,6,1,8,1,4
1534,4,8,4,3,1,26,,1,7,1
1535,20,3,1,10,,4,10,,8,27
1536,2,5,,22,23,3,3,32,,
1537,8,6,1,1,,5,1,3,3,16
1538,15,5,1,,,,21,9,5,3
1539,10,,5,21,2,5,37,,,
1540,2,10,1,31,1,,4,18,5,
1541,10,1,17,1,25,1,2,9,52,
1542,5,9,4,16,36,1,,,,
1543,13,1,8,4,10,26,,,5,13
1544,3,,,12,2,2,10,6,,19
1545,4,4,3,9,27,3,6,10,1,36
1546,4,,1,6,,9,,7,19,1
1547,2,6,1,2,1,22,7,2,5,17
1548,18,4,22,1,1,53,,,,
1549,19,3,3,7,16,7,2,3,4,29
1550,4,30,,5,2,,,23,3,1
1551,,,1,9,,29,,2,2,27
1552,2,12,11,6,27,23,,,,
1553,9,5,,37,4,21,,,,
1554,9,7,2,9,1,12,19,3,4,
1555,,18,,,,4,19,7,7,44
1556,1,2,15,,2,5,21,2,1,
1557,1,2,3,19,12,1,9,4,,10
1558,9,6,2,4,17,2,,96,,
1559,4,21,7,4,11,2,10,32,,
1560,14,,5,2,16,,7,,3,
1561,,1,14,21,19,,50,,,
1562,32,1,14,3,2,13,3,12,,
1563,1,1,64,10,,,,,,
1564,1,17,15,19,8,,1,11,,
1565,7,2,6,,11,,29,4,15,
1566,5,13,28,1,,,1,6,5,1
1567,2,,8,3,,38,,53,,
1568,1,5,31,9,11,,6,2,15,
1569,3,,17,1,12,2,1,11,,32
1570,2,5,6,1,7,,2,2,12,25
1571,1,3,6,4,6,2,,44,1,7
1572,1,17,1,2,,,10,12,15,2
1573,8,,4,1,,3,1,2,1,79
1574,12,1,3,18,15,1,8,24,,
1575,2,4,2,8,53,6,,,,
1576,11,24,2,3,7,,,12,,6
1577,21,1,,1,11,8,13,3,7,
1578,5,,1,1,1,9,1,1,6,2
1579,7,9,1,16,7,19,1,,2,18
1580,24,1,9,3,2,20,8,6,,
1581,7,20,1,3,1,11,4,39,,
1582,,12,8,17,,14,8,61,,
1583,5,10,1,41,10,10,,,,
1584,4,4,1,9,7,10,,16,5,23
1585,,32,5,7,52,,,,,
1586,2,1,,2,,21,1,3,7,1
1587,4,,5,2,1,,,87,,
1588,1,29,,13,1,5,2,10,6,
1589,63,39,,,,,,,,
1590,1,5,7,3,1,,4,,1,
1591,,2,23,2,26,1,9,1,1,6
1592,,,10,16,13,,1,8,2,
1593,11,42,23,,,,,,,
1594,23,1,22,7,2,1,1,6,1,4
1595,10,3,10,2,7,1,16,,31,
1596,7,15,,5,29,6,,3,17,
1597,1,13,,1,18,14,,,,14
1598,,34,,5,4,2,19,1,41,
1599,2,10,2,,2,1,27,15,15,
1600,29,,6,10,,30,,,,
1601,15,17,1,46,,,,,,
1602,,2,,3,19,3,4,4,4,3
1603,1,1,5,,127,,,,,
1604,,,14,6,3,16,13,,11,2
1605,70,56,,,,,,,,
1606,6,,2,13,2,,1,12,20,2
1607,46,1,,22,1,17,,,,
1608,4,8,3,1,9,3,23,25,,
1609,6,11,,13,12,1,21,2,,1
1610,6,4,4,11,15,1,4,7,9,8
1611,11,3,1,1,5,2,33,1,15,
1612,12,14,3,38,,22,,,,
1613,,21,12,,20,,1,3,,1
1614,6,9,8,,4,,4,3,9,4
1615,7,9,7,21,6,,1,,77,
1616,16,2,,4,5,58,,,,
1617,39,9,1,10,,12,,,,
1618,1,4,5,1,9,5,6,3,19,
1619,,22,3,,2,2,1,7,13,7
1620,,12,4,16,2,14,6,,1,25
1621,19,5,1,15,4,1,1,2,,4
1622,1,1,,,11,,20,7,3,11
1623,,,16,,6,16,9,,11,22
1624,14,2,1,2,,1,,10,,6
1625,22,6,1,,7,,8,,6,3
1626,38,30,4,,,,,,,
1627,16,7,1,1,11,3,20,28,,
1628,7,23,,1,,,1,4,71,
1629,24,20,13,,,1,1,6,70,
1630,3,47,1,,25,,,,,
1631,4,,4,14,5,1,7,5,24,
1632,,2,1,11,3,11,8,6,2,7
1633,,3,18,12,7,12,,1,,1
1634,11,1,4,18,,1,1,1,19,8
1635,,3,3,1,,35,2,13,,38
1636,14,,4,,5,5,7,2,42,
1637,,5,2,7,,2,,1,5,84
1638,1,2,11,,,3,1,2,36,
1639,,2,2,2,,14,27,,5,10
1640,,18,15,,,2,45,,,
1641,,4,,3,16,9,2,,22,9
1642,10,3,2,1,31,1,2,7,1,
1643,86,,,,,,,,,
1644,1,14,2,57,,,,,,
1645,1,8,1,2,2,,18,9,7,11
1646,7,33,22,8,4,,,,,
1647,2,4,8,1,2,9,,7,10,1
1648,22,10,13,,,13,1,,14,
1649,14,16,2,17,,2,3,1,3,8
1650,,3,11,1,1,9,,9,35,7
1651,,30,6,2,4,2,11,3,41,
1652,2,14,3,2,,,9,19,7,3
1653,9,6,1,5,,25,4,10,2,3
1654,19,3,1,9,6,3,23,3,,1
1655,1,2,4,10,17,4,2,6,4,1
1656,,1,6,1,53,1,8,,2,
1657,,,8,1,,4,5,2,,133
1658,5,18,2,19,3,3,1,,11,33
1659,,3,9,,1,2,,,49,12
1660,4,15,,29,,1,,21,18,
1661,2,8,,,2,2,2,1,1,4
1662,1,4,3,2,,1,2,5,3,2
1663,1,29,1,,5,4,18,1,7,9
1664,3,5,4,6,,5,2,1,,16
1665,14,5,,5,,1,,4,11,6
1666,3,10,5,18,43,,,,,
1667,11,7,3,16,3,,6,,54,
1668,4,,7,5,20,,1,2,2,36
1669,,7,1,1,4,4,1,12,9,59
1670,1,13,2,5,1,3,6,1,9,3
1671,4,15,,3,1,25,29,,,
1672,2,,14,1,7,2,1,8,1,3
1673,4,16,1,3,3,2,1,18,20,2
1674,4,48,8,17,,,,,,
1675,,,,4,4,1,7,,3,5
1676,4,2,,27,7,2,4,42,,
1677,5,1,13,1,8,,1,,1,10
1678,6,17,7,,16,6,31,,,
1679,1,7,10,8,16,2,1,63,,
1680,32,4,9,1,2,2,30,,,
1681,8,1,14,,6,15,5,12,3,26
1682,47,8,,,1,24,,,,
1683,,1,17,16,16,1,1,38,,
1684,6,25,4,1,23,2,4,5,1,
1685,,21,,2,2,13,1,3,2,6
1686,1,41,2,5,16,1,1,23,,
1687,6,3,3,14,3,,1,1,2,21
1688,19,4,2,16,2,,25,12,,
1689,,,3,,2,10,5,4,2,33
1690,3,1,11,2,,,3,2,11,3
1691,1,4,,3,13,27,3,4,8,2
1692,14,2,16,2,1,1,10,,4,29
1693,1,,5,1,6,26,,7,6,8
1694,1,1,1,1,12,2,,31,7,5
1695,2,,8,22,4,,8,11,13,10
1696,7,1,1,4,,1,,2,12,1
1697,,25,,6,2,11,5,1,1,17
1698,15,17,6,1,2,,21,12,,
1699,3,12,,3,,,8,6,2,3
1700,,1,,,8,4,13,1,4,
1701,,14,2,,3,6,1,2,23,
1702,2,,,5,22,2,14,3,,4
1703,1,19,5,4,2,9,16,,2,1
1704,2,1,1,5,5,,10,11,,2
1705,1,1,2,2,10,,3,1,10,9
1706,8,,,,16,3,,14,2,12
1707,16,1,12,17,5,4,1,12,3,
1708,,6,1,19,10,4,14,6,41,
1709,,22,20,,,11,5,28,,
1710,4,,24,7,,,3,,73,
1711,3,1,6,4,3,2,7,,1,
1712,20,13,1,4,1,26,,3,5,
1713,1,1,8,,5,13,10,,13,
1714,,,2,4,1,8,1,40,10,57
1715,3,18,1,,3,,2,8,4,5
1716,2,1,1,2,27,1,2,10,3,11
1717,1,34,6,19,3,9,,,,
1718,2,3,,8,9,,3,21,5,
1719,22,23,,,4,49,,,,
1720,13,8,26,,1,1,9,6,,3
1721,32,9,28,10,,,,,,
1722,10,8,3,,1,5,1,,38,19
1723,,27,2,11,24,1,31,,,
1724,10,10,8,3,1,1,26,49,,
1725,33,1,4,18,9,12,,,,
1726,2,,5,,1,,33,,10,20
1727,9,8,,1,5,7,2,2,1,1
1728,2,20,1,6,18,4,4,1,,7
1729,20,1,7,9,6,3,5,12,4,11
1730,2,2,,,,4,4,2,4,34
1731,,1,1,13,,6,1,,13,
1732,,2,,3,,,12,29,,
1733,7,15,,1,,1,21,1,9,1
1734,12,13,15,1,,8,1,6,10,1
1735,,2,1,8,50,9,1,,,
1736,,18,,14,19,1,4,14,78,
1737,57,4,9,1,,,,,,
1738,9,,,6,,37,1,10,,20
1739,5,13,18,,1,3,24,16,,
1740,1,1,6,14,1,10,9,4,35,
1741,,2,8,,,3,,,5,
1742,6,1,9,17,1,1,,4,4,
1743,28,15,1,1,10,6,29,,,
1744,4,,2,2,,1,49,,2,14
1745,1,1,14,1,10,6,18,4,16,
1746,5,15,1,1,16,1,75,,,
1747,2,4,11,21,,4,2,,5,3
1748,4,2,,9,6,5,6,11,22,8
1749,3,3,5,15,1,4,2,21,8,13
1750,11,6,2,,20,9,2,8,20,
1751,,1,1,1,2,5,,3,10,22
1752,5,7,,2,,,5,9,17,
1753,,4,5,,10,31,7,,5,3
1754,1,7,12,20,,,10,2,1,1
1755,,14,3,,2,12,1,22,1,5
1756,17,1,29,1,12,1,4,3,,22
1757,6,7,10,16,14,13,29,,,
1758,10,14,10,,,10,,5,1,3
1759,2,,6,,1,5,37,6,1,14
1760,,2,20,4,,5,2,6,,1
1761,6,1,1,2,5,15,14,41,,
1762,,1,20,,1,,30,,2,5
1763,4,,19,14,22,7,,18,,
1764,1,1,,7,1,3,,18,62,
1765,13,,1,,9,3,10,38,,
1766,4,12,6,,1,1,98,,,
1767,1,,16,,2,2,1,,10,74
1768,10,,16,1,3,15,54,,,
1769,26,3,,,1,2,2,6,17,1
1770,,2,4,4,2,24,,3,6,1
1771,10,58,24,,,,,,,
1772,2,7,,,11,1,40,7,5,
1773,9,10,7,4,11,5,9,1,3,3
1774,2,2,,,10,4,4,4,8,31
1775,1,1,2,,6,9,,2,4,16
1776,2,3,,12,23,3,7,,1,16
1777,8,1,6,2,7,5,19,1,3,12
1778,1,1,8,13,1,1,5,,,129
1779,,,4,5,,9,5,1,98,
1780,3,1,4,8,,3,18,3,19,30
1781,,2,1,6,8,,5,9,,5
1782,2,33,23,,27,,,,,
1783,5,,,9,,2,6,7,33,1
1784,6,3,4,3,3,3,55,,,
1785,5,7,63,,,,,,,
1786,1,3,2,22,,1,49,,,
1787,1,1,10,21,10,6,3,1,21,
1788,3,,18,2,2,9,21,2,12,1
1789,2,,1,3,,1,5,12,,6
1790,24,5,28,5,,,2,8,,
1791,18,10,1,2,1,22,19,,,
1792,,8,21,2,3,5,,2,1,
1793,19,17,,17,1,,22,,,
1794,14,2,,2,25,11,26,,,
1795,,,1,,,5,1,28,2,3
1796,5,1,,25,8,29,,3,,
1797,1,25,46,,,,,,,
1798,,8,9,8,24,2,53,,,
1799,18,74,,,,,,,,
1800,2,13,,,,,1,4,,7
1801,11,13,8,2,2,,4,,9,4
1802,,4,1,4,8,8,7,1,3,
1803,1,1,1,1,,12,2,4,10,2
1804,8,7,18,6,1,,22,15,,
1805,10,14,2,8,11,3,26,,,
1806,7,8,,3,7,26,6,1,11,41
1807,24,3,,4,2,,8,2,,
1808,25,1,,,2,,1,9,2,
1809,,,,3,8,7,,23,1,12
1810,2,2,7,5,,43,1,7,7,
1811,5,2,,2,1,16,6,3,1,8
1812,2,3,6,7,7,,,42,1,
1813,,12,1,18,2,8,1,43,,
1814,32,2,,,5,8,21,4,,
1815,1,,13,2,4,,6,,48,
1816,14,4,29,10,4,2,15,,,
1817,3,,,19,,4,7,3,2,12
1818,,,4,1,,15,,,1,16
1819,5,1,4,4,1,3,8,4,1,1
1820,2,2,2,6,16,,,1,1,14
1821,,,14,3,6,3,1,1,3,55
1822,19,2,2,19,9,6,1,10,22,
1823,3,5,1,1,2,19,1,1,17,3
1824,1,1,1,8,2,12,10,8,2,10
1825,,5,11,3,6,24,8,,31,
1826,1,1,1,4,4,6,,2,3,
1827,2,8,2,2,24,,17,6,35,
1828,13,,1,11,26,,2,8,1,6
1829,10,2,1,4,1,3,1,22,7,3
1830,8,,8,1,1,1,9,3,4,9
1831,8,5,2,,1,12,11,,45,
1832,1,1,15,,1,1,,,40,7
1833,13,1,1,2,,19,,2,,3
1834,1,12,19,1,4,5,20,6,8,
1835,1,2,6,1,2,20,6,,,5
1836,2,,17,3,,1,28,2,5,3
1837,15,,,3,1,1,4,2,2,
1838,1,36,2,1,14,20,,,,
1839,,1,8,25,,,12,42,,
1840,1,2,4,7,,9,1,3,5,6
1841,7,2,2,,11,11,1,4,,8
1842,2,1,23,1,12,22,2,60,,
1843,1,4,1,6,,12,2,12,4,1
1844,3,,1,5,7,2,5,10,26,4
1845,3,1,6,,21,,3,3,1,29
1846,11,2,11,,13,6,25,1,13,
1847,6,25,4,10,2,1,3,,4,66
1848,3,31,,8,4,2,1,1,,11
1849,8,3,5,,1,1,,29,22,30
1850,,1,,11,5,,13,,2,
1851,18,3,5,21,,27,,,,
1852,2,,,2,,1,,27,13,1
1853,,13,14,4,,,1,,1,6
1854,13,2,3,9,1,31,3,2,1,7
1855,,22,,5,31,2,22,,,
1856,1,,5,,,2,16,3,,61
1857,10,6,2,3,1,1,7,,10,4
1858,1,,8,1,,4,11,49,,
1859,1,7,5,22,26,1,7,3,,
1860,3,1,1,,,22,3,4,25,8
1861,9,38,2,34,,,,,,
1862,2,,11,13,,14,1,7,34,
1863,3,,1,,,,13,,1,28
1864,15,2,19,2,4,9,2,2,3,4
1865,30,,12,14,21,,,,,
1866,2,2,1,,,15,20,8,5,17
1867,,2,,3,4,3,1,1,11,37
1868,8,10,1,8,,25,3,13,5,
1869,1,,1,2,7,30,,12,35,
1870,4,2,41,,1,33,,,,
1871,1,3,,28,,4,34,,21,
1872,6,2,7,9,1,47,,,,
1873,13,8,1,36,1,13,,,,
1874,1,6,1,2,27,1,8,3,4,1
1875,2,10,7,1,1,3,1,6,20,9
1876,10,16,2,9,,10,24,,,
1877,,6,,,4,3,12,15,13,10
1878,,,28,13,1,18,7,46,,
1879,2,1,6,13,3,8,4,3,2,6
1880,1,2,3,1,3,13,3,19,11,
1881,8,7,16,2,4,1,4,,27,
1882,,1,1,3,1,6,27,17,10,2
1883,2,1,11,7,,9,10,2,20,25
1884,51,,11,,1,6,6,,,
1885,10,4,10,,,,,20,11,2
1886,4,2,22,5,1,1,10,1,18,21
1887,,,10,18,,4,5,3,1,31
1888,,5,6,6,18,9,1,40,,
1889,4,33,4,,,8,50,,,
1890,7,4,4,15,5,5,13,22,,
1891,13,2,2,,,10,1,1,10,2
1892,3,3,1,15,22,11,25,,,
1893,80,,,,,,,,,
1894,2,4,1,,4,,,,,1
1895,,9,,1,1,7,3,1,21,1
1896,5,2,8,2,,,,2,9,4
1897,2,5,8,11,2,4,10,73,,
1898,33,16,36,,,,,,,
1899,9,,6,1,1,5,3,2,4,1
1900,,7,2,1,6,9,7,1,1,1
1901,,,15,6,5,62,,,,
1902,1,13,2,,,11,3,,1,
1903,19,,,1,10,1,,1,14,1
1904,12,1,24,16,1,,5,2,2,41
1905,1,36,,4,3,22,,1,11,
1906,,5,13,6,1,5,3,2,13,4
1907,7,1,9,1,12,12,23,12,,
1908,5,3,10,6,4,2,3,,15,3
1909,7,6,,,,4,21,2,8,16
1910,1,16,3,2,3,8,7,6,1,
1911,1,1,1,,1,23,3,83,,
1912,,4,2,1,22,6,1,8,4,19
1913,1,19,4,3,39,3,49,,,
1914,3,11,7,,,13,16,1,1,18
1915,6,1,35,,13,22,,,,
1916,,11,26,1,2,,39,,,
1917,,,,1,6,2,,16,34,1
1918,4,7,1,,28,20,8,,,79
1919,7,5,4,4,9,3,2,1,,33
1920,11,2,10,,3,3,7,30,7,
1921,2,3,,2,1,,27,5,4,34
1922,15,8,5,15,4,11,,5,18,
1923,10,,,1,1,1,4,3,,16
1924,9,,2,3,9,,16,1,6,43
1925,11,20,2,19,3,,9,17,,
1926,1,4,11,1,28,4,,11,3,
1927,4,3,18,,5,,8,22,37,
1928,13,,,4,2,2,3,,6,9
1929,24,3,,7,37,,,,,
1930,,61,5,1,3,1,,,,
1931,1,,7,4,10,28,,1,19,1
1932,1,,4,24,8,1,10,1,6,11
1933,10,12,,5,1,10,,26,,23
1934,1,15,2,14,,19,50,,,
1935,6,1,1,4,3,5,,5,12,4
1936,2,8,10,5,7,7,,4,16,1
1937,,3,3,1,1,,,3,5,8
1938,,2,11,,2,2,16,9,,2
1939,22,9,10,6,41,,,,,
1940,1,9,6,5,11,2,3,,16,8
1941,2,28,9,9,1,2,7,1,80,
1942,9,2,1,11,103,,,,,
1943,10,17,,1,16,19,2,4,6,
1944,5,,24,22,1,3,5,2,3,1
1945,1,4,,3,21,1,5,3,,4
1946,1,,,3,1,11,19,,26,14
1947,5,3,18,,2,3,1,4,18,9
1948,3,1,3,1,10,17,6,9,7,1
1949,,1,19,,1,1,3,7,17,8
1950,13,5,,37,2,2,,22,,
1951,1,,1,21,,,,32,1,87
1952,11,2,2,,11,,8,4,2,8
1953,,,,,,,28,,7,1
1954,12,19,1,1,3,2,2,,,4
1955,3,13,34,1,1,1,10,,5,43
1956,,1,11,,33,57,,,,
1957,,49,,26,,,,,,
1958,11,3,8,,8,23,1,7,3,
1959,7,,,,19,3,1,,4,12
1960,18,2,6,3,13,5,54,,,
1961,3,75,,,,,,,,
1962,14,1,9,15,2,,12,7,37,
1963,,2,,5,19,4,6,3,42,
1964,1,5,2,12,3,,1,1,,
1965,5,1,,6,,2,6,5,12,11
1966,4,22,6,35,1,18,,,,
1967,9,2,2,,7,9,,1,12,5
1968,11,14,12,5,,1,,14,1,46
1969,1,,1,26,,,2,15,2,3
1970,1,4,3,17,4,17,8,7,17,
1971,,,19,14,4,3,5,17,13,
1972,1,4,,6,1,3,1,22,18,14
1973,5,3,1,9,11,1,1,24,,59
1974,1,1,8,14,7,,7,1,2,
1975,2,2,1,17,17,2,3,1,28,
1976,,3,21,4,5,1,5,,11,1
1977,7,,2,3,1,7,5,10,29,34
1978,28,5,2,,1,26,12,,,
1979,27,8,,1,11,6,73,,,
1980,,,2,1,,1,1,3,,15
1981,4,9,4,34,17,2,6,,,
1982,18,1,,,,1,1,7,12,49
1983,20,3,10,1,44,,,,,
1984,11,12,2,,5,24,1,2,19,
1985,3,17,7,9,,19,10,,2,10
1986,9,1,6,9,1,3,,,,
1987,1,,18,,1,,3,,,6
1988,,2,5,,,4,33,17,1,
1989,1,1,31,1,2,10,5,,13,36
1990,,8,8,7,9,3,,,1,
1991,3,115,,,,,,,,
1992,,2,8,,8,9,1,14,14,1
1993,,7,,1,3,1,2,8,9,1
1994,9,1,18,9,32,14,,,,
1995,19,1,,,2,26,17,5,12,
1996,3,10,6,10,16,,,12,5,14
1997,22,6,15,23,21,,,,,
1998,13,36,1,1,5,1,12,4,,
1999,8,4,,7,,36,1,12,10,
2000,,5,1,69,,,,,,
2001,2,3,13,3,25,5,11,,6,15
2002,24,39,,,4,1,1,,11,
2003,,4,6,6,1,1,1,6,6,18
2004,3,6,4,11,1,12,,12,5,10
2005,,,1,1,2,8,9,2,16,19
2006,4,17,13,26,1,12,,,,
2007,2,,5,4,1,7,4,4,2,
2008,3,3,28,8,4,1,22,6,,
2009,1,5,3,1,,,,63,,
2010,1,,14,2,4,20,3,1,9,1
2011,2,13,1,23,5,5,2,27,,
2012,14,,22,28,23,,,,,
2013,2,,,2,3,1,18,1,6,
2014,55,,,5,5,12,,,,
2015,3,5,19,8,,2,2,12,,7
2016,2,9,5,3,1,12,32,,11,
2017,16,12,1,3,2,1,26,2,23,
2018,5,1,2,19,,6,10,4,8,48
2019,43,19,1,30,,,,,,
2020,,8,,5,13,2,1,37,11,
2021,16,5,3,1,2,3,10,1,,20
2022,1,2,12,18,2,8,9,19,,
2023,,1,1,14,3,10,1,9,10,
2024,1,1,2,7,4,1,,7,7,2
2025,30,,2,21,6,7,2,37,,
2026,2,4,8,11,2,3,7,8,2,37
2027,4,,,4,2,3,3,3,8,1
2028,1,3,32,7,14,3,15,,,
2029,1,56,3,3,2,1,19,,,
2030,5,4,,6,7,5,1,23,19,3
2031,7,3,3,1,24,5,1,,2,17
2032,1,6,2,4,,21,,1,48,
2033,9,17,3,9,6,3,12,9,10,
2034,,2,,3,1,3,3,6,,5
2035,3,3,2,5,8,21,5,,4,103
2036,,14,1,7,5,,2,,35,14
2037,9,32,6,3,3,6,,,,10
2038,2,3,1,31,18,2,26,,,
2039,16,6,,2,7,,32,1,4,17
2040,4,5,2,1,12,7,4,72,,
2041,12,33,8,1,1,1,7,52,,
2042,,3,,5,27,10,2,9,35,
2043,3,,3,,3,4,,14,17,
2044,25,15,1,,40,,,,,
2045,,10,,1,,,,3,1,14
2046,2,39,2,,3,3,3,,23,
2047,11,1,,19,8,29,24,,,
2048,15,,,34,4,,26,,,
2049,15,30,1,2,,8,6,7,,3
2050,3,8,3,8,7,,,2,4,3
2051,17,2,1,,,8,11,1,6,
2052,1,,20,,,11,8,,1,4
2053,6,5,10,24,1,11,3,3,11,
2054,6,1,,1,20,,8,4,2,18
2055,13,3,,3,1,9,24,,1,14
2056,,1,18,8,1,11,4,7,2,1
2057,40,,1,,1,1,9,10,4,1
2058,5,9,1,4,1,,1,94,,
2059,3,2,,3,23,3,35,17,,
2060,3,8,1,11,27,2,31,,,
2061,5,10,1,1,28,2,1,2,2,48
2062,22,5,1,21,19,3,,,,
2063,1,4,50,3,,1,10,12,,
2064,,17,14,3,8,1,,14,3,9
2065,7,19,4,46,,,,,,
2066,1,4,,1,2,1,1,5,9,2
2067,1,3,11,5,,29,13,24,,
2068,3,7,4,10,9,1,30,4,1,6
2069,6,,8,,,1,,22,10,9
2070,25,17,10,2,,2,8,13,,
2071,,,,,5,1,,,,43
2072,1,,3,6,5,1,10,1,,34
2073,12,8,1,2,1,,,,3,32
2074,1,1,7,5,6,2,,,6,20
2075,15,4,1,3,2,,1,4,2,107
2076,38,6,1,7,1,3,13,17,,
2077,4,5,21,,3,5,48,,,
2078,2,13,1,2,1,47,1,26,,
2079,1,5,30,1,30,3,3,,,
2080,,4,4,,,3,7,7,,2
2081,,,1,,2,14,2,1,,5
2082,9,1,2,1,10,28,6,5,8,2
2083,1,3,1,5,1,6,3,34,16,22
2084,1,2,11,,42,11,1,7,,
2085,6,,,4,,15,10,11,10,55
2086,5,11,6,7,3,3,6,,1,
2087,1,9,5,7,21,10,9,12,,
2088,,3,23,3,10,1,3,,1,15
2089,,,3,,17,2,9,1,12,
2090,16,32,5,,3,4,,1,14,
2091,44,3,,,25,,,,,
2092,,9,6,,30,18,13,,,
2093,1,25,,,13,7,4,14,6,15
2094,3,,1,,4,33,,,26,1
2095,,11,1,17,1,,38,2,3,
2096,,,6,4,2,5,4,32,12,
2097,13,3,11,,,4,2,1,2,1
2098,2,,,2,1,,6,10,29,4
2099,3,29,24,2,1,7,,2,2,5
2100,1,1,1,,17,13,2,4,,1
2101,5,,42,4,3,7,18,,,
2102,19,,3,4,,43,2,,,
2103,12,4,23,1,,10,1,23,,
2104,1,13,9,1,6,1,24,55,,
2105,17,6,7,,2,,8,5,4,10
2106,1,10,,12,,1,1,2,2,4
2107,,,1,3,14,12,21,31,,
2108,8,,2,5,2,13,7,8,5,4
2109,6,2,4,17,4,7,,21,1,47
2110,3,,1,23,32,1,44,,,
2111,3,1,,8,,2,23,1,27,16
2112,48,2,12,6,5,,,,,
2113,8,5,,40,1,6,4,,,12
2114,22,9,5,2,5,,6,49,,
2115,6,5,20,1,3,2,19,2,8,17
2116,1,8,16,5,1,1,42,,,
2117,9,,6,18,,14,10,1,1,8
2118,,1,5,9,4,21,2,40,,
2119,7,,39,,22,25,,,,
2120,3,49,9,5,,6,,,,
2121,14,,14,8,1,10,6,2,,1
2122,4,14,56,,,,,,,
2123,,37,11,2,,3,3,,40,
2124,6,2,2,7,2,1,11,5,2,46
2125,9,5,4,,,3,3,5,46,
2126,2,18,,32,1,,18,,,
2127,3,1,3,,1,6,1,,1,7
2128,2,2,,16,1,67,,,,
2129,1,,1,3,9,,12,1,25,4
2130,1,1,1,6,2,,10,22,6,46
2131,6,4,,,2,13,1,2,7,14
2132,2,9,1,3,,4,10,5,5,24
2133,1,8,,4,3,1,,3,2,
2134,,7,8,7,1,1,,,,25
2135,10,2,,10,17,8,1,13,7,2
2136,1,5,3,9,27,,5,1,,22
2137,1,2,,,10,1,,,7,22
2138,23,3,20,1,12,4,2,11,,
2139,2,6,13,7,,2,1,4,,48
2140,14,,13,34,,4,1,1,28,
2141,,1,5,2,,4,8,19,3,33
2142,,6,13,,16,1,1,9,38,
2143,42,1,6,,1,8,12,16,,
2144,,6,1,1,33,1,6,7,23,
2145,5,10,5,2,7,1,1,23,59,
2146,,7,1,2,26,22,14,,,
2147,4,12,,3,32,6,3,4,23,
2148,,14,32,,1,,,,31,
2149,3,,,1,7,3,,8,6,22
2150,14,8,6,3,10,7,1,6,4,
2151,22,8,4,9,17,12,,,,
2152,7,8,18,1,17,6,1,72,,
2153,2,1,1,,4,4,6,11,11,1
2154,6,9,35,19,4,,,,,
2155,3,1,,,9,9,4,16,4,7
2156,,7,,1,3,11,4,1,1,
2157,5,4,1,2,21,12,5,2,6,54
2158,3,20,7,5,17,1,2,27,,
2159,7,1,,22,1,1,1,8,18,4
2160,21,4,8,,22,,5,,13,
2161,1,32,3,,9,1,4,6,9,1
2162,,,5,2,2,10,12,3,,8
2163,5,,1,7,,3,26,3,38,
2164,,37,1,3,6,,1,13,,
2165,1,7,4,2,18,,7,5,18,10
2166,3,3,6,2,2,41,1,,51,
2167,6,12,3,24,1,3,32,,,
2168,2,,7,,3,1,2,,3,3
2169,14,1,3,12,21,,1,1,3,17
2170,7,,1,,2,6,13,6,6,2
2171,2,35,,3,11,,20,,,
2172,1,11,,7,3,5,,20,1,
2173,3,4,2,2,5,12,30,,17,
2174,3,24,5,1,1,1,3,,,
2175,11,1,1,8,8,3,3,2,1,3
2176,4,3,2,11,20,1,5,2,21,3
2177,3,4,3,1,2,3,5,4,,4
2178,39,5,1,4,35,,,,,
2179,,,28,8,10,1,1,13,2,4
2180,7,4,,,12,16,3,22,1,5
2181,16,10,,23,,11,1,19,,
2182,43,,3,4,4,55,,,,
2183,17,1,9,2,,5,7,12,1,38
2184,7,11,,21,32,,,,,
2185,10,,2,2,11,10,,7,17,47
2186,5,,1,3,21,17,5,2,17,
2187,1,3,12,,29,,1,1,2,4
2188,7,29,1,2,8,4,2,2,3,
2189,27,1,14,2,1,4,,10,3,
2190,2,2,23,7,9,11,5,10,4,
2191,5,3,32,5,1,,6,6,3,7
2192,1,5,5,11,47,26,,,,
2193,,3,1,,9,2,1,1,2,1
2194,,,1,14,1,,3,11,25,14
2195,7,6,1,10,9,,1,7,14,
2196,2,21,,,1,1,3,1,6,2
2197,3,5,4,1,11,18,22,1,17,
2198,1,15,14,1,,1,2,30,16,
2199,8,19,8,27,,,29,,,
2200,1,,1,3,2,1,4,1,6,1
2201,5,8,1,2,,18,5,,3,11
2202,53,17,4,,,,,,,
2203,13,,4,6,,2,1,14,,
2204,,13,4,2,12,15,,5,1,4
2205,16,9,2,,14,7,22,3,,
2206,13,1,10,1,,60,,,,
2207,1,17,16,2,5,,25,11,,
2208,1,9,5,37,8,4,4,18,,
2209,8,38,1,1,5,8,16,,,
2210,17,,8,1,,,17,37,,
2211,3,2,6,6,11,1,7,1,15,9
2212,,1,22,,,3,2,37,14,
2213,,1,,22,4,,2,18,,23
2214,1,11,8,1,14,1,3,38,,
2215,,,42,27,35,,,,,
2216,13,3,4,12,2,,2,18,20,
2217,7,5,3,7,13,,1,87,,
2218,1,10,,,24,2,60,,,
2219,1,13,8,14,,1,18,16,,
2220,4,1,1,2,17,12,7,11,3,4
2221,10,25,17,21,,,,,,
2222,1,,,4,19,1,1,1,,
2223,2,1,,,19,14,15,9,10,
2224,9,1,,5,3,16,10,,3,
2225,1,2,36,2,66,,,,,
2226,2,2,1,,8,,4,3,1,10
2227,,8,5,3,8,5,,7,10,
2228,27,12,13,7,4,4,1,,,2
2229,1,8,,4,10,15,4,,5,28
2230,3,1,1,,10,3,36,17,,
2231,3,7,41,12,2,4,42,,,
2232,2,1,11,24,4,16,2,,11,
2233,,6,2,5,13,24,4,4,25,
2234,5,9,1,,,1,,1,66,
2235,2,20,3,,9,,4,1,27,
2236,3,9,5,5,1,22,1,,3,22
2237,,43,1,27,,,,,,
2238,6,,,1,3,8,,2,,4
2239,1,4,,14,11,20,2,,,1
2240,3,10,1,26,9,32,,,,
2241,11,7,2,22,16,,3,7,,7
2242,14,,13,1,20,13,,3,10,
2243,17,,,,,4,1,14,4,6
2244,11,1,3,1,8,1,20,8,1,14
2245,17,1,,4,4,4,12,1,11,27
2246,4,1,3,5,24,6,12,1,,1
2247,6,,1,,10,8,5,20,48,
2248,,1,6,2,1,1,1,3,2,2
2249,,9,,,6,2,4,1,5,1
2250,,,9,3,11,28,4,1,14,2
2251,14,2,,1,4,,19,5,1,10
2252,5,23,14,,1,9,1,,6,
2253,5,,14,52,,,,,,
2254,1,11,8,3,,6,2,1,49,
2255,4,3,23,,28,4,2,1,,13
2256,3,1,26,2,19,15,1,8,,
2257,3,15,1,4,12,2,2,5,,18
2258,2,5,15,,6,5,22,1,56,
2259,2,5,1,9,5,25,2,2,2,25
2260,2,32,2,,1,3,3,12,11,60
2261,2,,3,2,26,47,,,,
2262,3,22,22,8,7,3,14,,,
2263,,4,2,,,2,20,1,19,
2264,,1,2,1,,23,39,1,6,
2265,13,,,22,10,9,34,,,
2266,4,7,20,8,3,4,3,2,12,7
2267,1,2,,2,4,,12,23,,
2268,,5,6,2,,1,3,13,17,39
2269,4,11,1,,1,,9,1,5,
2270,,14,,,11,10,15,3,1,19
2271,5,8,10,10,17,3,3,,21,
2272,1,1,,,2,4,12,22,5,25
2273,10,81,,,,,,,,
2274,18,,6,1,33,,,1,,15
2275,1,1,3,5,3,1,,3,,3
2276,16,24,1,5,10,19,,,,
2277,,1,1,13,4,11,7,11,4,22
2278,2,1,2,17,1,8,2,3,37,
2279,2,8,16,57,,,,,,
2280,,1,4,3,2,1,,,,1
2281,2,23,,3,2,2,1,13,14,7
2282,1,7,4,4,,27,14,3,13,
2283,1,16,1,18,1,5,,7,4,1
2284,15,1,8,2,5,24,1,44,,
2285,1,6,15,1,2,6,13,11,12,18
2286,18,1,,8,3,43,,,,
2287,2,1,3,,3,,13,15,7,7
2288,1,2,7,2,23,38,,,,
2289,2,9,3,,,1,3,15,38,
2290,1,14,,4,12,3,24,2,4,
2291,,1,6,1,3,,23,19,64,
2292,,4,2,,10,1,1,18,1,8
2293,11,11,8,16,12,1,2,3,39,
2294,2,1,20,6,22,1,,7,2,1
2295,34,1,9,2,4,5,,5,11,
2296,4,,9,41,27,,,,,
2297,7,6,3,1,,13,3,5,,2
2298,2,4,13,,,19,,19,1,24
2299,3,8,,1,,6,66,,,
2300,5,,,3,8,5,,18,3,7
2301,1,16,2,30,,1,2,9,11,
2302,12,9,2,6,11,22,11,,,
2303,1,,3,25,13,13,11,,2,
2304,1,6,2,1,1,3,,,33,1
2305,5,4,16,,5,10,2,17,24,
2306,,8,5,,1,37,9,,1,1
2307,1,2,6,5,,51,2,5,,
2308,18,21,2,17,,,1,13,,
2309,24,7,13,4,7,5,20,,,
2310,22,1,31,7,,4,1,1,28,
2311,1,4,9,1,11,7,1,1,8,5
2312,2,7,2,1,36,1,21,7,,
2313,,12,,5,1,33,10,4,5,24
2314,4,4,2,1,,3,4,8,32,
2315,5,,2,,1,28,11,13,15,
2316,29,,1,1,4,11,3,4,1,3
2317,4,,2,4,,5,1,24,,8
2318,1,3,3,1,8,,1,4,6,1
2319,10,4,33,4,5,3,15,,,
2320,29,2,6,20,6,5,3,,,
2321,,12,13,2,1,,1,,18,47
2322,9,5,,2,,5,16,1,10,11
2323,,,1,14,2,8,,17,1,66
2324,,,25,1,4,,,3,27,25
2325,,1,,2,4,4,1,20,12,7
2326,27,,14,10,4,4,6,15,,
2327,,1,1,,14,10,11,15,,
2328,19,1,6,4,10,17,3,3,1,4
2329,,6,2,1,5,55,26,,,
2330,22,,1,15,10,4,4,,4,6
2331,2,,13,9,6,1,2,25,,
2332,6,4,,4,3,21,5,9,2,
2333,,5,1,,5,1,17,15,,4
2334,1,7,6,30,7,2,,65,,
2335,,14,1,24,,,1,7,61,
2336,,1,,15,16,4,1,23,,52
2337,3,23,5,8,6,3,1,2,,8
2338,2,,1,1,1,19,14,1,1,63
2339,6,3,2,14,2,,25,35,,
2340,,,24,2,14,2,,1,2,42
2341,13,24,8,3,,11,21,,,
2342,1,23,11,1,9,4,2,11,2,4
2343,,5,5,4,1,15,,5,8,5
2344,,29,13,,3,5,4,2,9,18
2345,5,4,3,1,,,5,23,1,1
2346,1,22,30,23,,,,,,
2347,5,,8,4,6,,8,,3,47
2348,,2,1,5,11,,1,4,2,1
2349,1,,6,1,12,2,1,1,,10
2350,4,2,4,8,,5,4,11,3,14
2351,2,9,2,30,2,,2,2,25,
2352,3,3,6,3,11,5,1,8,9,1
2353,8,16,,53,,,,,,
2354,,1,5,,8,1,1,67,,
2355,,1,1,2,,,14,1,9,5
2356,2,,15,16,1,8,23,11,,
2357,1,12,1,,,44,10,6,,
2358,1,4,,2,14,7,45,,,
2359,2,1,,2,1,1,9,3,16,
2360,2,4,1,54,,12,,,,
2361,4,15,1,,16,9,3,2,29,
2362,,1,10,10,,4,10,11,2,2
2363,4,18,1,4,4,,17,,7,6
2364,4,,1,,3,2,3,1,11,78
2365,1,17,20,1,20,10,,12,,
2366,1,10,3,11,2,1,3,,,7
2367,16,6,13,,4,20,16,,,
2368,6,1,8,10,3,13,16,,16,
2369,13,15,5,3,1,13,18,7,,
2370,26,30,,2,3,4,11,,,
2371,,4,1,30,,7,47,,,
2372,3,1,9,6,2,11,9,36,,
2373,3,,16,8,,20,33,,,
2374,6,1,,11,19,2,16,22,,
2375,,11,1,1,2,9,4,8,2,8
2376,1,,2,,23,4,6,,20,5
2377,13,1,2,,,27,9,5,1,
2378,,24,11,2,1,,,8,13,
2379,,50,,13,25,,,,,
2380,2,,4,1,,24,1,30,3,1
2381,,5,3,,1,7,11,6,21,6
2382,,1,1,3,10,,13,,2,18
2383,7,10,1,2,4,14,22,5,18,
2384,3,16,1,60,,,,,,
2385,6,20,25,1,2,21,,,,
2386,3,,16,,2,,2,2,1,
2387,8,6,16,2,3,20,36,,,
2388,,,,,25,1,51,,,
2389,1,7,,7,1,4,6,14,5,43
2390,7,2,15,,,31,16,,,
2391,,,9,6,26,,,7,8,
2392,4,,10,1,6,20,9,20,2,
2393,,7,,4,1,2,,3,,
2394,2,1,18,8,17,18,1,5,5,
2395,1,2,6,9,,7,2,,8,33
2396,77,,,,,,,,,
2397,35,21,4,10,1,,,,,
2398,2,2,2,4,1,27,3,20,1,36
2399,2,17,5,,5,12,10,15,8,
2400,5,7,6,7,5,4,18,2,1,29
2401,3,32,28,17,,,,,,
2402,4,3,2,1,8,7,1,2,,
2403,,1,,1,3,10,2,5,1,22
2404,,20,18,8,,7,1,3,8,11
2405,,6,5,28,1,,4,2,1,1
2406,6,,1,15,,3,2,29,,10
2407,4,5,,7,5,3,1,1,11,10
2408,20,1,1,1,3,2,,15,9,9
2409,18,,,8,10,10,,3,1,6
2410,98,,,,,,,,,
2411,2,1,1,21,1,,24,,,3
2412,21,9,2,,1,17,6,,18,
2413,11,30,11,1,4,1,6,,6,5
2414,,2,,2,5,7,8,8,5,1
2415,,45,28,,,,,,,
2416,27,8,,11,1,3,5,1,,184
2417,1,2,,4,24,3,10,119,,
2418,8,,2,,,10,,1,6,11
2419,5,15,6,9,2,7,9,5,6,1
2420,29,1,21,12,1,1,1,1,,12
2421,56,4,,11,,,,,,
2422,7,34,5,19,1,15,,,,
2423,15,3,25,14,5,1,2,31,,
2424,3,1,14,13,26,13,1,,,
2425,,1,2,1,,1,2,5,1,4
2426,,4,1,4,,5,1,9,19,93
2427,1,,4,7,5,5,2,5,7,4
2428,4,4,,24,2,,12,,38,
2429,3,,1,5,1,12,6,6,2,
2430,1,4,6,,4,,4,1,23,49
2431,2,6,1,5,12,5,6,25,8,1
2432,3,1,4,1,,4,4,2,29,31
2433,,11,3,1,7,13,,17,,
2434,6,,2,30,14,7,,,36,
2435,13,3,14,5,2,,50,,,
2436,3,18,5,8,1,,4,,13,1
2437,2,10,,,,8,6,,19,4
2438,,1,1,3,18,12,5,,,21
2439,2,,1,3,2,10,,18,1,1
2440,17,3,12,2,14,9,1,4,2,15
2441,,7,1,,1,1,1,21,21,10
2442,4,1,3,19,1,4,18,2,45,
2443,14,,7,6,1,4,2,12,2,7
2444,2,7,1,16,24,5,2,3,,9
2445,1,4,12,7,2,,5,46,,
2446,19,5,,,28,,,,1,
2447,1,1,1,4,33,22,,31,,
2448,3,,,12,,,5,8,3,7
2449,5,9,1,4,3,2,35,9,5,
2450,1,5,5,10,4,4,3,,6,7
2451,,5,7,,4,1,,8,6,14
2452,1,1,9,9,27,31,,,,
2453,5,,1,10,4,5,3,38,1,10
2454,3,1,11,,33,13,2,2,,1
2455,7,5,1,6,73,,,,,
2456,17,1,8,,10,,2,2,16,14
2457,,15,1,8,,,,14,6,1
2458,3,15,13,6,1,1,1,48,,
2459,2,1,33,,1,17,1,15,10,
2460,2,5,47,6,1,17,,,,
2461,5,15,8,1,38,6,,,,
2462,6,26,32,,1,,,7,,
2463,20,,19,1,9,5,1,3,,4
2464,1,2,,13,12,25,1,,,42
2465,5,19,11,2,28,42,,,,
2466,12,7,2,21,,75,,,,
2467,6,,3,3,2,15,6,7,,3
2468,,2,5,3,,50,3,1,32,
2469,19,,23,11,17,16,,,,
2470,35,7,11,,12,,8,,,
2471,2,,2,38,3,5,6,,,19
2472,5,6,15,10,,8,5,1,1,5
2473,4,1,9,,1,1,26,5,3,31
2474,29,4,,2,1,31,8,,,
2475,4,1,,4,1,3,2,4,25,20
2476,1,14,16,,12,2,69,,,
2477,2,22,,8,1,26,9,2,1,
2478,,2,17,24,1,21,,1,24,
2479,16,1,14,6,,1,6,,27,
2480,2,1,6,2,9,1,14,,31,11
2481,,,,48,3,5,5,2,6,1
2482,1,4,1,1,6,,2,1,4,24
2483,4,24,6,10,4,23,,,,
2484,,4,7,5,7,1,,1,32,52
2485,2,1,5,31,1,1,1,11,8,17
2486,4,4,34,24,2,,1,50,,
2487,,8,1,,18,2,,2,11,5
2488,,12,1,3,18,22,,1,,10
2489,12,,,8,,17,1,,7,
2490,2,6,6,4,11,38,,2,4,
2491,2,5,,3,2,29,39,,,
2492,19,2,7,5,3,1,9,20,7,
2493,1,26,17,3,4,2,1,,,5
2494,8,9,8,1,7,20,2,13,10,
2495,,21,2,16,9,9,14,,,
2496,16,1,2,,19,,4,16,17,
2497,4,,14,23,,4,2,3,3,
2498,7,,3,7,6,19,4,11,19,
2499,3,11,23,,11,,11,9,7,
2500,,3,1,2,2,11,10,2,,18
2501,12,5,,8,25,1,15,2,,1
2502,8,,1,1,5,6,6,,5,4
2503,5,5,,12,19,,2,3,8,3
2504,17,6,6,1,4,3,10,3,7,13
2505,1,3,2,19,8,35,20,,,
2506,,5,23,1,1,24,17,,,
2507,10,1,4,40,14,9,,,,
2508,4,,3,,2,6,8,,2,34
2509,1,4,,1,12,17,22,,12,5
2510,,4,3,,8,,9,2,3,25
2511,2,11,3,4,,5,10,29,1,1
2512,1,,19,17,,6,1,8,20,
2513,21,2,,5,,2,5,22,9,8
2514,,3,5,,4,4,13,5,,4
2515,1,32,2,5,1,16,,1,5,1
2516,1,5,4,60,25,,,,,
2517,14,4,36,22,,,,,,
2518,21,4,25,17,12,,,,,
2519,,4,,,6,1,1,12,1,6
2520,10,3,2,,5,2,,,16,
2521,16,21,5,9,25,,,,,
2522,,,17,6,,,22,5,8,2
2523,4,2,10,5,15,,,32,13,
2524,6,2,7,,24,3,3,11,1,
2525,,1,2,1,1,3,28,2,1,4
2526,2,1,28,5,7,16,6,22,,
2527,5,,,3,10,1,23,8,,4
2528,1,9,1,39,,1,7,8,35,
2529,26,2,,,10,8,1,2,2,
2530,13,,1,3,,2,20,,,22
2531,6,5,56,,20,,,,,
2532,10,5,3,,,6,5,5,88,
2533,25,4,24,7,,2,2,,23,
2534,14,3,6,7,1,8,6,3,17,4
2535,41,5,16,1,9,,,,,
2536,7,4,4,16,12,7,,4,3,12
2537,2,1,10,4,,5,,2,23,19
2538,1,1,5,13,3,15,3,,19,20
2539,39,1,,1,,8,,10,5,8
2540,3,9,,11,,26,16,3,18,
2541,13,27,,8,2,10,,34,,
2542,1,13,,1,15,22,1,,3,9
2543,,17,17,24,,4,3,7,,
2544,,4,,,1,9,1,3,9,8
2545,5,2,4,10,,,12,35,9,
2546,8,9,12,1,7,,4,14,5,18
2547,3,23,4,10,,7,,3,1,10
2548,4,3,6,,4,1,3,3,,3
2549,18,1,1,1,3,1,,1,,3
2550,3,,7,2,13,9,,10,1,20
2551,,,10,1,3,2,2,12,2,1
2552,8,24,16,5,35,,,,,
2553,,,25,7,2,3,15,,72,
2554,28,2,13,13,1,4,5,3,3,
2555,,1,14,,5,11,1,4,2,1
2556,1,,,1,3,9,1,9,2,25
2557,16,,3,,14,2,57,,,
2558,2,1,2,8,,4,6,8,3,7
2559,4,,15,7,,7,12,30,,
2560,4,3,4,10,20,3,4,14,1,17
2561,4,14,,,12,6,18,1,7,5
2562,3,4,27,16,29,,,,,
2563,3,7,13,1,11,4,11,5,6,
2564,5,,,15,1,8,1,,2,22
2565,5,3,4,1,16,11,7,11,3,1
2566,2,3,,3,9,17,,1,6,28
2567,4,,3,19,2,24,18,32,,
2568,1,55,23,,,,,,,
2569,,2,6,1,2,1,3,,,
2570,3,7,7,1,22,7,10,,,19
2571,29,4,14,11,,,,1,7,8
2572,1,7,5,1,2,1,19,9,6,
2573,,,2,1,4,3,,5,7,5
2574,6,3,,1,2,11,,2,,1
2575,16,,,2,1,33,18,,3,
2576,6,15,,1,3,1,17,2,15,
2577,1,54,13,,11,,,,,
2578,1,12,5,2,13,11,21,,3,61
2579,12,25,2,1,,1,,1,10,11
2580,,6,,,,11,,,,1
2581,1,10,21,1,4,13,,2,8,5
2582,1,4,55,,6,10,,,,
2583,5,30,12,1,3,9,1,30,,
2584,3,22,51,,,,,,,
2585,8,,,3,5,,1,,4,60
2586,2,,,4,1,7,6,16,15,3
2587,,12,,2,4,18,,9,,
2588,,7,1,26,,17,,19,3,
2589,2,1,2,11,1,,3,11,2,45
2590,26,,5,2,7,3,7,,21,
2591,10,1,,1,16,7,1,1,15,2
2592,9,,,,7,27,4,13,18,
2593,7,5,58,4,,,,,,
2594,,12,6,1,6,2,,19,2,59
2595,17,,14,,1,11,2,3,6,21
2596,,1,1,12,5,26,14,,8,40
2597,1,,5,8,1,7,1,29,3,12
2598,25,1,1,12,4,15,34,,,
2599,8,7,7,1,2,12,3,7,4,4
2600,6,,17,4,6,22,5,8,38,
2601,1,,,,8,24,36,,2,
2602,,2,27,11,1,1,,5,,
2603,,1,4,1,14,3,,26,5,24
2604,,33,2,6,,18,1,48,,
2605,8,10,28,24,3,,,,,
2606,5,8,3,,1,4,11,9,4,
2607,4,4,,,12,1,2,4,3,9
2608,14,31,1,52,,,,,,
2609,10,,1,2,16,3,11,3,4,
2610,,2,,,12,3,,,11,9
2611,7,,,5,5,,3,65,,
2612,,8,1,2,,,9,,1,7
2613,1,6,11,,5,30,5,3,3,11
2614,,,14,27,15,57,,,,
2615,4,10,6,9,5,,20,1,,
2616,6,,10,,,3,,12,24,15
2617,2,13,20,8,3,3,14,2,8,
2618,29,11,46,,,,,,,
2619,6,1,1,1,1,30,11,17,15,
2620,,1,1,25,16,2,23,2,6,
2621,3,,,15,7,8,,1,17,16
2622,11,10,13,2,,,4,1,2,1
2623,,11,4,44,,5,,,3,
2624,4,,,8,35,9,4,6,28,
2625,10,5,16,13,3,12,5,29,,
2626,9,,1,1,,,,2,10,2
2627,13,1,17,,3,5,1,14,7,42
2628,1,2,,11,,7,7,7,1,3
2629,1,2,1,13,4,1,4,1,12,6
2630,7,4,13,,17,3,9,3,33,
2631,12,,,2,3,22,1,17,,
2632,16,2,2,4,,17,21,1,27,
2633,,,12,,2,15,11,1,29,13
2634,,52,27,,,,,,,
2635,2,10,13,1,13,1,,14,2,11
2636,,,3,26,29,,5,,13,
2637,22,,3,1,10,4,18,6,22,
2638,23,3,2,,14,7,,18,12,
2639,1,1,2,5,2,45,1,5,1,9
2640,,4,1,12,8,10,,,,
2641,1,11,5,24,20,3,,11,,
2642,,1,8,5,19,1,2,2,2,2
2643,,3,6,,5,2,24,,,16
2644,8,39,11,15,,,,,,
2645,2,,1,7,,1,22,11,5,4
2646,,1,21,1,68,,,,,
2647,,,3,23,,13,,58,,
2648,1,2,11,4,2,8,3,22,4,3
2649,1,14,16,2,44,,,,,
2650,3,,,26,32,9,1,,,
2651,11,1,1,14,2,1,22,4,8,1
2652,6,,4,1,6,1,,1,1,10
2653,44,2,,,,4,40,,,
2654,1,7,4,6,1,7,7,1,,5
2655,1,4,26,2,8,,6,1,10,1
2656,3,29,1,14,,1,1,1,8,79
2657,7,5,2,1,3,6,18,2,41,
2658,6,59,6,,,,,,,
2659,9,,1,,16,,11,38,,
2660,4,2,21,11,,16,1,27,,
2661,,1,4,11,12,10,,1,28,13
2662,2,4,8,8,,,,5,19,6
2663,2,1,21,1,13,30,,,5,
2664,1,4,16,16,3,31,,,,
2665,23,,,,45,1,1,4,,
2666,1,4,3,6,3,5,5,6,1,
2667,10,7,12,1,,3,,8,2,6
2668,5,10,22,2,3,31,,,,
2669,2,2,15,7,23,8,3,1,,1
2670,5,,11,22,21,20,,,,
2671,2,4,33,1,4,26,3,,,
2672,3,3,4,7,1,4,,1,,12
2673,25,2,,,10,1,1,,3,25
2674,9,,22,22,1,1,6,48,,
2675,,19,,,8,13,2,1,5,41
2676,,2,12,2,,5,13,1,1,33
2677,,24,18,5,1,22,2,,,
2678,,,12,54,1,6,,,,
2679,4,,1,2,,1,7,12,,
2680,5,11,33,,7,2,7,1,5,
2681,,13,29,,15,5,24,,,
2682,1,,3,30,6,,9,,91,
2683,12,8,1,4,,1,1,9,2,37
2684,4,4,5,,27,,6,28,,
2685,7,11,12,1,,1,6,,24,26
2686,4,5,2,5,1,36,18,,,
2687,8,6,,,1,4,5,,81,
2688,27,13,6,9,,14,1,36,,
2689,22,1,3,2,1,1,,5,2,7
2690,1,,3,,29,19,3,7,1,11
2691,3,40,19,11,,,,,,
2692,,3,,,8,,18,,11,1
2693,,,,3,1,78,,,,
2694,1,,,1,29,7,8,19,,15
2695,,3,,,27,2,9,8,12,
2696,29,2,5,7,3,10,32,,,
2697,14,7,,,2,2,1,1,4,9
2698,,13,2,25,,1,10,16,,1
2699,12,1,6,1,3,,,,10,8
2700,1,6,1,,,3,6,2,11,1
2701,,25,36,6,,1,1,,17,
2702,8,2,1,4,,16,,29,1,2
2703,2,30,7,3,2,16,32,,,
2704,,18,7,12,,22,2,1,32,
2705,36,6,1,,,,9,15,5,
2706,7,1,7,3,19,9,1,1,11,19
2707,19,2,2,24,5,6,20,,,
2708,2,,,6,3,,12,5,18,15
2709,17,1,,2,2,,1,11,28,1
2710,11,4,22,4,36,,,,,
2711,12,23,10,12,1,22,,,,
2712,1,16,2,2,6,14,2,6,6,77
2713,,6,6,32,20,12,,,,
2714,1,4,,1,1,39,17,,1,
2715,12,5,15,7,4,1,11,5,,29
2716,14,4,,3,1,11,,16,4,3
2717,4,2,,,,8,4,5,,108
2718,2,1,,8,3,1,24,,1,1
2719,26,1,1,22,4,13,10,,,
2720,4,1,4,,2,1,6,1,5,4
2721,1,5,16,1,21,2,20,1,1,8
2722,,1,,2,8,1,22,3,6,18
2723,1,1,15,6,10,13,,27,,
2724,4,1,,9,2,10,16,6,4,64
2725,13,8,1,1,,29,18,26,,
2726,,1,4,3,4,2,10,25,4,57
2727,13,,40,17,16,,,,,
2728,5,16,33,5,19,,,,,
2729,10,9,25,1,30,,,,,
2730,20,5,,16,8,,10,3,3,1
2731,4,4,1,3,4,4,19,1,22,
2732,,1,1,,3,3,48,2,2,3
2733,5,1,3,16,7,1,8,21,67,
2734,33,18,3,,3,8,16,,,
2735,,1,,12,5,6,12,,12,
2736,13,,9,,9,4,11,61,,
2737,1,15,,4,16,1,28,10,,
2738,1,8,1,,,8,2,3,,15
2739,19,5,5,3,43,,,,,
2740,23,1,3,2,7,13,1,1,1,13
2741,,6,4,10,,41,,9,4,
2742,1,2,8,4,26,,5,2,,2
2743,6,11,32,1,,5,7,3,3,1
2744,9,4,,29,23,,,10,,
2745,2,5,2,,3,25,,3,,2
2746,30,3,30,31,,,,,,
2747,7,1,,13,14,8,,32,,
2748,5,22,1,7,,3,16,18,,
2749,,,2,6,1,13,5,14,40,
2750,2,2,,10,4,3,4,26,12,
2751,4,12,18,23,24,,,,,
2752,21,3,12,12,1,10,,4,46,
2753,,6,,,3,1,23,,44,
2754,,1,16,5,3,9,13,4,6,7
2755,4,1,3,2,1,3,11,76,,
2756,7,2,,4,1,2,6,10,1,
2757,2,5,3,9,48,,41,,,
2758,1,27,4,1,,15,8,5,24,
2759,10,9,,,9,2,,26,16,
2760,1,1,,3,2,14,8,54,,
2761,9,3,6,,,1,1,1,,6
2762,8,2,,6,12,1,11,19,17,
2763,6,20,,15,1,1,27,9,,
2764,8,34,5,12,20,,,,,
2765,1,10,20,,11,15,15,,,
2766,,1,6,17,32,3,,4,1,16
2767,1,8,1,,39,3,2,7,7,96
2768,11,12,1,,23,,2,22,,
2769,,3,13,13,,1,11,2,1,102
2770,2,3,,6,1,2,12,3,10,1
2771,8,5,6,1,,32,,9,1,14
2772,,10,48,1,,3,2,7,,
2773,2,11,6,1,,2,3,1,23,8
2774,5,1,,1,1,20,,,14,1
2775,84,,,,,,,,,
2776,6,6,10,1,3,,6,,15,1
2777,2,16,5,1,,2,7,7,5,11
2778,,,11,8,28,11,16,,,
2779,3,9,6,2,3,11,11,31,,
2780,3,11,9,,4,1,,,1,
2781,4,4,23,13,5,1,21,,,
2782,13,2,2,8,6,,17,1,3,11
2783,,5,4,,21,7,2,11,2,1
2784,1,13,,2,2,10,3,,1,99
2785,24,2,10,27,,,9,,,
2786,,6,31,1,2,2,1,18,,2
2787,7,,1,26,5,,,,23,1
2788,18,1,1,21,35,,,,,
2789,5,8,3,8,2,,1,14,,2
2790,1,1,,2,10,12,5,3,11,4
2791,3,2,1,5,1,1,3,1,,3
2792,,,11,14,7,15,1,7,6,5
2793,,6,12,20,3,,32,,,
2794,,,31,9,12,9,20,,,
2795,,,64,,,,,,121,
2796,4,3,4,2,16,5,15,1,4,3
2797,4,13,,1,28,1,38,,,
2798,11,2,11,3,2,,3,30,16,
2799,3,6,17,12,7,,2,25,,
2800,,2,9,,18,8,9,1,12,3
2801,,7,3,,2,21,1,41,,
2802,31,4,1,3,,6,11,1,6,
2803,12,17,5,2,3,,14,5,4,32
2804,6,,12,1,4,,,1,2,19
2805,1,,,16,7,3,,1,23,21
2806,14,14,2,1,2,1,9,1,20,12
2807,4,10,2,,7,2,,,7,11
2808,,16,7,,,3,36,,19,
2809,85,,,,,,,,,
2810,27,13,20,1,2,38,,,,
2811,6,7,11,8,5,1,2,4,31,
2812,1,2,19,17,3,2,26,8,,
2813,8,3,26,,36,,,,,
2814,4,2,2,1,1,,15,1,1,1
2815,6,2,1,5,,1,30,,1,13
2816,20,3,,,,5,3,,,3
2817,1,1,3,,1,10,16,14,16,1
2818,4,4,3,7,1,8,,1,2,37
2819,2,1,24,,3,1,1,48,,
2820,,8,11,2,,2,6,9,11,7
2821,4,1,8,2,3,9,1,4,12,35
2822,,3,,7,,6,7,17,46,
2823,1,,1,5,1,,3,,17,7
2824,5,4,3,4,,10,29,8,1,11
2825,12,12,9,,1,17,1,59,,
2826,1,32,46,,,,,,,
2827,9,2,,2,7,2,13,2,28,1
2828,7,9,,6,10,1,,,10,58
2829,1,11,,6,6,1,3,1,1,7
2830,4,,1,1,1,,6,,39,20
2831,23,57,,,,,,,,
2832,1,3,7,37,,,1,6,8,4
2833,1,5,12,6,1,3,2,2,1,14
2834,1,,3,29,1,9,9,,12,4
2835,3,7,1,7,19,1,1,1,16,7
2836,,6,6,8,,8,1,12,7,80
2837,,22,4,3,,44,,,,
2838,12,9,3,10,6,,1,10,10,15
2839,1,11,8,2,14,53,,,,
2840,,,,1,1,4,5,,7,23
2841,16,5,3,1,20,1,4,1,18,3
2842,34,2,15,,,1,1,1,,20
2843,16,1,34,1,2,1,12,13,,
2844,2,28,,,6,13,1,1,25,
2845,5,23,1,3,40,,,,,
2846,3,,3,27,8,3,5,25,,
2847,11,1,,1,3,9,2,9,61,
2848,3,4,3,15,3,2,1,3,5,2
2849,4,3,,,7,4,1,1,31,13
2850,5,1,39,12,14,,,,,
2851,,7,,21,1,,,,9,1
2852,1,1,5,2,5,,5,,1,34
2853,,2,,,,3,5,4,1,3
2854,4,8,,1,10,,18,7,,1
2855,26,10,21,28,,,,,,
2856,,5,1,17,18,2,2,21,21,
2857,,24,,,11,7,7,9,2,23
2858,2,2,1,,3,,16,2,4,2
2859,13,,2,3,9,3,4,31,124,
2860,25,12,3,2,,1,,2,1,7
2861,10,1,12,52,,,,,,
2862,3,15,3,2,41,43,,,,
2863,22,,3,1,1,2,,7,20,
2864,21,,12,,1,,12,,21,1
2865,10,10,2,1,30,47,,,,
2866,5,2,66,,,,,,,
2867,2,3,3,1,1,,,50,,78
2868,,1,4,,1,1,12,7,18,27
2869,1,2,2,6,4,1,3,1,24,1
2870,,3,5,1,31,47,,,,
2871,2,2,3,10,4,,,,11,5
2872,,4,11,4,13,1,13,8,5,5
2873,4,15,1,6,8,,7,,1,1
2874,2,3,5,19,4,3,1,28,7,
2875,16,26,3,11,1,4,,,7,7
2876,,22,,9,24,,8,3,2,
2877,,19,4,5,6,11,16,3,22,
2878,3,,,6,,72,,,,
2879,14,5,,8,3,2,,1,24,2
2880,,6,,10,2,5,,19,8,10
2881,4,,21,2,14,2,1,7,22,
2882,1,6,2,1,9,,19,36,,
2883,15,9,1,8,,26,3,27,,
2884,10,2,1,1,10,10,1,15,16,
2885,,3,14,1,4,20,1,,,12
2886,15,4,,3,13,5,2,23,7,
2887,10,10,12,6,4,18,3,,,22
2888,4,1,,4,6,,,6,1,12
2889,9,36,1,7,20,,,,,
2890,5,22,2,7,14,5,,46,,
2891,2,1,73,,,,,,,
2892,,26,4,6,5,,5,,7,2
2893,3,9,,1,3,16,3,7,2,10
2894,18,6,,12,23,,1,3,3,1
2895,6,1,6,,11,3,27,29,,
2896,,2,7,,27,,,14,1,4
2897,,2,3,1,13,2,,,2,49
2898,7,41,3,2,3,2,18,,,
2899,,1,2,4,15,18,1,1,,7
2900,5,,7,,,,21,,2,1
2901,1,5,5,3,26,1,11,58,,
2902,1,,,1,9,7,1,8,24,1
2903,31,2,1,10,2,66,,,,
2904,3,5,9,1,5,,1,3,28,32
2905,8,13,,2,,3,3,6,2,7
2906,12,3,1,3,11,,26,21,,
2907,2,4,1,33,9,3,20,,,
2908,4,,1,1,33,13,6,3,8,
2909,,1,,6,41,17,,6,,
2910,10,6,1,14,5,,22,10,,2
2911,2,,14,9,1,1,,11,6,
2912,,8,8,4,3,2,2,2,1,4
2913,,8,3,2,4,29,20,3,5,
2914,8,,4,,,28,2,5,55,
2915,7,1,16,21,5,23,,,,
2916,1,17,4,,10,31,19,,,
2917,14,,57,,,,,,,
2918,16,3,1,3,19,3,5,8,2,1
2919,,1,13,26,19,15,,,,
2920,3,5,37,7,,10,,1,22,
2921,1,22,,1,3,3,,10,4,1
2922,,5,9,2,7,1,8,6,79,
2923,,1,11,31,11,3,15,,,
2924,18,,1,8,3,2,1,1,32,1
2925,4,,4,1,3,16,5,12,14,2
2926,2,13,2,1,11,8,1,4,8,1
2927,,1,3,2,7,61,,,,
2928,20,1,1,1,1,,19,2,2,40
2929,7,8,1,18,3,3,2,15,1,2
2930,3,20,,1,4,16,10,19,,
2931,3,,11,7,1,6,38,,2,33
2932,,1,,,2,5,10,30,4,19
2933,2,,1,10,3,5,,4,,10
2934,50,5,1,2,8,,1,1,2,38
2935,5,4,4,3,4,43,18,,,
2936,10,26,1,20,,11,30,,,
2937,,10,10,,5,,1,1,1,9
2938,5,19,,5,5,3,28,,3,1
2939,1,3,1,21,3,1,1,12,22,7
2940,15,1,12,5,19,5,3,8,3,
2941,13,1,15,2,56,,,,,
2942,,7,23,,5,,33,1,12,
2943,,1,2,1,,,1,8,53,1
2944,8,,25,6,1,,12,,30,
2945,8,6,2,27,,4,10,,1,10
2946,1,,3,,4,5,2,,1,42
2947,,8,4,1,4,6,16,12,4,4
2948,,4,,1,8,2,6,1,10,
2949,3,1,,9,6,19,26,3,23,
2950,9,17,2,3,,,9,,14,
2951,,4,4,14,22,3,15,2,,
2952,29,29,,2,2,1,9,,,
2953,1,4,26,3,9,6,5,1,22,
2954,4,5,5,1,4,47,8,,,
2955,,6,19,2,1,1,3,12,,3
2956,1,2,24,1,2,1,6,2,1,10
2957,7,2,2,6,23,1,11,2,8,
2958,2,20,,10,17,1,,4,21,
2959,1,1,13,3,,3,2,3,5,1
2960,,3,8,10,2,52,,,,
2961,2,13,,,4,,7,13,6,4
2962,2,2,2,11,3,1,28,2,1,23
2963,4,,2,1,14,16,16,1,4,2
2964,24,9,1,1,3,2,1,22,1,5
2965,15,,1,22,,,7,,,
2966,3,,10,20,12,5,9,,,5
2967,10,5,10,3,5,14,2,2,2,37
2968,3,11,1,21,6,9,3,12,5,
2969,7,,,14,12,13,,22,2,10
2970,,10,30,,,5,2,21,,13
2971,13,1,5,3,34,28,,,,
2972,1,5,9,4,9,1,1,29,,1
2973,9,8,22,12,9,35,,,,
2974,40,1,1,21,3,8,,,,
2975,1,14,,1,5,2,12,37,,
2976,3,3,17,3,12,1,3,1,1,25
2977,1,9,3,24,,10,12,26,,
2978,10,6,2,4,57,,,,,
2979,,3,15,9,1,3,4,7,58,
2980,,1,,1,16,38,,6,52,
2981,1,6,16,,1,5,,3,4,5
2982,19,1,19,9,1,13,3,22,,
2983,3,43,1,,1,1,22,,,
2984,2,3,2,5,9,1,2,2,2,10
2985,6,6,1,,,1,,,5,1
2986,1,1,,,,,,102,,
2987,6,1,,9,,1,3,,,8
2988,10,,4,,19,,5,,107,
2989,2,4,10,14,22,10,14,,,
2990,,3,,3,9,19,18,6,4,20
2991,1,6,2,5,1,3,,9,1,7
2992,1,10,18,4,,15,14,2,6,
2993,10,,22,5,,6,27,7,,
2994,3,4,16,5,2,10,17,12,1,6
2995,36,,13,2,2,6,2,16,,
2996,,37,12,,,10,1,7,4,
2997,1,1,,17,14,4,11,17,49,
2998,,1,,,4,12,25,65,,
2999,21,,,25,7,,1,5,47,
3000,44,8,1,3,8,,18,,,
3001,68,,1,62,,,,,,
3002,1,,4,9,2,,2,11,2,7
3003,2,,13,1,12,4,,1,,16
3004,1,1,,,7,12,23,2,,17
3005,27,2,6,,,2,4,,13,1
3006,7,2,2,1,4,1,70,,,
3007,5,1,,5,1,,8,2,1,
3008,3,1,3,1,6,14,24,19,,
3009,2,7,16,4,13,10,57,,,
3010,6,,1,,16,2,1,26,11,2
3011,,3,6,5,22,10,1,15,,
3012,1,,2,,5,,1,1,18,1
3013,4,,4,4,1,6,31,10,,
3014,,4,6,4,21,1,1,8,,8
3015,34,5,18,7,2,1,9,,,
3016,7,7,1,6,8,,1,,,9
3017,4,5,9,2,1,1,4,,1,1
3018,3,,1,2,7,2,34,4,1,24
3019,4,20,,5,,11,1,31,,
3020,6,1,,,,13,10,16,,5
3021,6,,2,,4,,,7,3,1
3022,7,24,2,25,7,,15,,,
3023,,2,2,6,8,,20,1,5,16
3024,2,15,1,3,,11,,,3,57
3025,3,6,,6,1,1,7,3,,3
3026,4,1,7,1,,,1,8,9,
3027,,6,,,2,1,6,54,46,
3028,1,,23,,9,3,8,,27,
3029,,5,4,5,3,,1,4,5,10
3030,3,38,7,5,1,6,,1,34,
3031,6,,1,2,4,2,2,,7,12
3032,9,,5,2,,17,28,,16,
3033,8,1,19,5,,39,,,,
3034,10,9,,1,6,1,8,2,18,9
3035,1,3,24,1,,10,7,1,1,1
3036,3,9,4,1,24,6,2,,4,
3037,13,2,11,,11,3,,2,1,2
3038,2,2,2,16,1,2,,36,3,74
3039,18,5,6,1,4,,3,5,24,2
3040,5,,20,28,2,,3,2,2,
3041,,2,1,1,13,3,4,4,2,
3042,10,1,1,,4,3,,,4,11
3043,3,6,11,7,1,3,3,,25,37
3044,31,,1,3,10,3,2,2,1,7
3045,8,,5,10,20,,21,6,8,
3046,1,1,1,16,44,2,2,4,,
3047,1,1,10,5,12,,3,,,3
3048,1,48,6,1,10,3,1,4,,
3049,7,,11,25,1,4,6,,,5
3050,9,3,5,5,22,38,,,,
3051,10,8,2,3,2,12,14,5,2,24
3052,,,3,4,,,1,,6,1
3053,33,2,1,,32,,1,2,,
3054,16,,15,1,20,18,8,,,
3055,,30,10,1,,2,,7,12,
3056,16,12,,,4,1,29,1,37,
3057,1,4,1,2,1,38,1,4,5,
3058,2,22,,3,31,,17,,,
3059,24,1,18,2,2,5,3,6,44,
3060,1,6,1,,48,,13,1,8,
3061,1,13,3,3,5,5,1,,9,7
3062,8,5,14,,4,5,8,46,,
3063,5,1,,3,,2,19,1,2,37
3064,4,22,6,3,2,1,,5,6,14
3065,6,,,7,2,6,2,28,,50
3066,25,3,5,2,7,1,10,2,35,
3067,16,6,3,5,2,8,2,4,54,
3068,2,10,1,5,,9,19,11,6,3
3069,4,11,54,,3,,,,,
3070,13,4,29,4,7,3,,,13,
3071,5,,11,3,1,2,32,30,,
3072,31,1,5,3,13,7,4,1,,1
3073,1,,5,11,64,,,,,
3074,1,13,30,2,1,3,1,,27,
3075,,8,3,11,3,76,,,,
3076,6,,2,2,6,1,11,,7,1
3077,2,9,7,,,66,,,,
3078,,10,,,,1,3,1,5,5
3079,4,9,5,1,18,,20,2,4,24
3080,85,,,,,,,,,
3081,2,1,12,12,2,4,2,1,8,2
3082,15,19,3,8,1,,,,,8
3083,16,19,8,1,20,,,9,,
3084,,,17,1,2,12,3,45,,
3085,1,16,2,9,,3,1,22,3,13
3086,11,7,1,2,,3,1,,2,1
3087,39,8,1,12,9,15,,,,
3088,1,,18,6,,1,9,1,17,4
3089,,9,,1,2,4,2,64,,
3090,10,1,,4,5,,2,11,13,
3091,2,15,3,1,4,11,14,5,4,54
3092,39,9,5,10,8,,,,,
3093,8,2,63,,,,,,,
3094,14,4,1,3,,36,41,,,
3095,21,12,1,3,13,46,,,,
3096,10,8,8,,1,1,8,31,11,
3097,,9,10,7,1,,5,,16,19
3098,,6,,6,22,,3,2,,25
3099,3,5,14,,46,3,,,,
3100,7,1,5,,,70,,,,
3101,,3,,2,1,5,8,8,16,94
3102,2,,1,11,,3,8,8,1,
3103,2,3,,4,1,21,,5,5,17
3104,43,5,1,2,,13,1,8,,
3105,2,4,,8,9,,,3,2,
3106,18,9,19,1,7,1,,1,131,
3107,1,25,1,13,2,5,,5,19,
3108,5,33,2,,13,10,,20,,
3109,1,24,21,26,,,,,,
3110,5,12,15,,4,,14,3,5,24
3111,6,16,1,,11,11,8,17,,13
3112,10,17,,5,1,,16,,22,
3113,6,9,7,4,4,1,14,2,,
3114,19,1,1,3,9,1,,3,11,9
3115,7,,5,8,7,3,20,15,28,
3116,27,,2,18,1,,1,12,14,
3117,5,8,5,7,,1,2,,27,2
3118,,,,2,2,21,2,1,2,
3119,1,,20,13,1,,15,1,4,10
3120,7,7,1,6,12,4,,3,11,
3121,1,,11,10,16,13,1,1,5,
3122,18,3,5,27,,12,2,1,21,
3123,8,6,13,3,5,1,1,,8,10
3124,,2,4,,5,,4,3,,5
3125,1,5,8,4,8,1,3,9,5,27
3126,,5,,8,16,4,11,2,4,9
3127,10,,5,2,1,21,2,,12,15
3128,1,3,3,13,13,2,19,16,6,
3129,6,10,4,1,2,5,,2,1,6
3130,4,35,2,1,8,54,,,,
3131,2,13,8,18,,1,25,17,,
3132,3,2,4,,,,1,3,1,11
3133,3,2,3,,1,5,9,1,2,44
3134,28,,,,6,1,,,7,13
3135,16,,3,25,3,,10,,,68
3136,1,3,,,1,6,1,2,,6
3137,2,1,1,3,1,17,12,22,7,11
3138,2,2,8,4,,1,1,2,,15
3139,22,,2,5,1,9,66,,,
3140,10,,6,5,3,1,1,,4,
3141,3,11,17,,3,8,1,31,,
3142,21,3,15,9,1,6,16,,,
3143,,,,4,1,,,2,21,38
3144,4,15,29,4,16,46,,,,
3145,5,1,9,,6,9,3,4,8,6
3146,,3,1,5,3,2,,,11,9
3147,6,56,6,7,,,,,,
3148,,,8,8,,1,2,2,39,1
3149,6,4,,5,9,4,58,,,
3150,,2,3,,1,1,2,7,2,4
3151,16,28,,4,8,2,5,17,,
3152,1,6,,,10,,8,67,,
3153,1,2,1,4,3,3,3,2,48,12
3154,,5,4,,,15,9,2,1,
3155,36,12,5,1,1,2,1,7,3,11
3156,7,1,1,11,21,28,9,,,
3157,13,,,3,12,3,6,7,1,3
3158,4,,2,7,4,7,2,1,7,6
3159,2,1,1,5,2,12,,8,7,40
3160,1,4,6,2,9,3,3,3,1,3
3161,5,1,13,5,9,1,32,7,,
3162,6,5,5,1,9,1,26,33,,
3163,15,6,54,,,,,,,
3164,5,2,,4,1,6,3,1,8,
3165,23,1,1,46,,,,,,
3166,,1,58,2,,,,,10,
3167,,1,9,2,,1,,37,16,31
3168,4,1,,5,1,1,7,2,1,
3169,,8,,16,4,9,35,,,
3170,7,7,2,2,1,58,,,,
3171,,,21,37,3,1,3,29,,
3172,3,14,,1,,1,1,3,5,2
3173,7,14,2,21,6,18,1,,,37
3174,3,13,32,3,1,8,4,2,34,
3175,,,1,9,,,5,,,25
3176,3,4,10,6,7,,60,,,
3177,,10,12,3,1,1,9,,9,14
3178,,14,7,14,32,26,,,,
3179,7,27,,,1,5,9,1,38,
3180,24,1,16,,5,36,,,,
3181,4,5,25,1,,5,1,4,,29
3182,,2,14,2,19,5,,2,23,13
3183,30,76,,,,,,,,
3184,42,2,10,9,,11,,,,
3185,,,4,,,1,9,1,58,
3186,5,3,1,14,1,1,9,5,1,
3187,,1,1,,16,2,1,1,11,14
3188,2,5,3,13,24,2,28,,,
3189,,3,,2,,3,,2,,14
3190,7,30,3,4,6,30,,,,
3191,,,9,5,2,9,7,143,,
3192,,13,11,10,6,12,5,20,,
3193,3,,3,1,,8,4,1,25,
3194,,,1,6,7,2,1,7,5,57
3195,,,2,32,41,,,,,
3196,1,1,31,13,2,1,1,15,5,107
3197,9,,7,22,7,,,9,8,6
3198,3,1,2,,72,,,,,
3199,19,17,,2,13,5,2,31,,
3200,10,,1,17,6,,,10,4,
3201,6,20,,1,,1,30,35,,
3202,1,1,15,2,2,16,2,1,2,2
3203,12,11,2,1,2,,3,10,2,64
3204,47,8,2,,,2,12,,,
3205,30,16,1,1,15,2,20,,,
3206,2,,20,,6,9,1,24,4,17
3207,16,3,26,1,12,5,8,,,
3208,2,33,11,15,,,10,,,
3209,2,3,2,,2,1,7,16,,31
3210,,3,21,2,9,,1,71,,
3211,,4,7,33,14,30,,,,
3212,9,5,,36,,1,7,1,7,17
3213,4,3,11,,4,,,1,4,5
3214,2,20,4,5,1,1,55,,,
3215,2,5,,21,4,3,2,14,,2
3216,,7,5,3,16,10,57,,,
3217,,11,9,43,20,,,,,
3218,1,12,2,6,8,1,22,30,,
3219,1,2,1,6,1,,1,2,1,5
3220,12,1,3,,2,,19,60,,
3221,1,2,,14,,,1,1,17,22
3222,1,49,16,1,9,,,,,
3223,23,3,5,1,,5,2,10,4,21
3224,12,12,37,18,,,,,,
3225,19,,7,,9,8,5,1,15,8
3226,1,2,,5,4,1,,24,2,5
3227,4,4,21,5,10,1,3,3,,
3228,10,5,2,,1,,4,9,4,1
3229,17,13,12,18,9,7,,,,
3230,2,5,4,4,1,13,20,24,,
3231,1,,19,10,,16,2,17,2,3
3232,5,2,,1,9,6,19,,29,
3233,18,,,2,2,53,,,,
3234,2,,8,8,24,3,7,8,9,4
3235,1,5,7,8,,11,1,22,6,39
3236,1,45,8,16,2,,,,,
3237,,9,19,11,12,15,2,1,1,1
3238,6,1,14,,19,3,10,15,1,
3239,11,1,,,2,,1,3,34,6
3240,11,,10,3,2,19,,31,,
3241,2,13,24,1,1,,7,1,14,3
3242,3,4,29,22,3,3,26,,,
3243,12,1,2,1,1,6,6,,,
3244,1,3,,,15,,1,11,3,
3245,5,1,11,24,2,14,2,6,18,
3246,,9,22,,,4,1,17,32,
3247,13,16,3,13,1,3,13,4,4,46
3248,2,,5,5,17,2,7,,14,5
3249,2,,1,12,15,,12,1,1,1
3250,4,70,,,,,,,,
3251,9,3,6,7,8,67,,,,
3252,15,2,2,11,1,4,17,,7,7
3253,15,25,6,19,,19,,,,
3254,7,1,1,1,30,3,,2,17,8
3255,1,6,2,2,23,17,17,,12,
3256,14,9,,,1,10,5,1,22,43
3257,28,1,5,,9,1,1,5,42,
3258,,22,9,1,1,8,9,2,1,4
3259,7,,1,8,15,23,1,5,1,
3260,23,13,,2,12,3,1,1,1,1
3261,3,,11,,2,1,1,1,2,21
3262,4,21,4,5,,11,11,5,33,
3263,5,27,6,8,43,,,,,
3264,8,1,4,2,8,3,1,11,,1
3265,,3,17,12,1,38,,,,
3266,27,2,6,,8,15,3,,7,29
3267,3,7,7,1,4,4,7,,3,4
3268,5,8,4,,14,8,1,9,1,1
3269,2,2,6,,8,1,48,22,,
3270,4,14,9,18,,12,19,,,
3271,11,6,8,,,8,,6,24,
3272,2,,,14,1,,57,,,
3273,2,4,32,3,6,27,,,,
3274,1,18,7,2,3,3,44,,,
3275,,2,,1,21,16,,6,,31
3276,3,3,27,5,4,5,3,,7,
3277,43,,,35,,,,,,
3278,5,32,17,4,1,,7,9,,
3279,,,39,,2,15,24,,,
3280,9,3,2,11,1,1,3,14,4,
3281,,3,34,,3,,4,32,,
3282,1,3,9,4,15,10,23,4,23,
3283,,,8,14,22,,1,1,5,6
3284,2,24,13,,2,24,3,12,,
3285,3,9,29,,7,12,7,20,,
3286,61,8,6,,,,,,,
3287,3,,12,,16,7,,2,3,6
3288,3,5,60,3,,,,,,
3289,2,19,1,3,7,,26,5,97,
3290,1,,,,1,18,,11,1,23
3291,1,,3,,9,6,,,2,28
3292,,1,1,,17,,1,,15,
3293,1,1,,,2,7,2,5,6,5
3294,1,3,2,9,31,,15,1,5,
3295,5,,,,16,,,,70,
3296,22,1,1,1,,4,1,1,3,7
3297,,45,4,7,6,9,,,,
3298,9,20,7,1,1,3,4,1,4,
3299,,8,1,,6,3,1,13,3,1
3300,3,12,5,1,3,5,,17,,15
3301,5,1,11,29,3,2,25,,,
3302,42,,7,32,,,,,,
3303,8,4,42,20,,,,,,
3304,5,3,25,,1,3,12,15,,21
3305,,14,13,,10,2,8,9,1,
3306,,17,19,1,2,4,11,1,10,3
3307,,2,32,16,33,,,,,
3308,2,,5,9,1,30,6,17,9,
3309,14,4,3,14,33,2,1,,,
3310,9,21,14,1,4,10,1,3,3,1
3311,,,,1,,12,16,36,8,
3312,,1,1,9,16,8,,,1,
3313,11,,30,20,28,,,,,
3314,9,1,13,13,,4,7,31,,
3315,11,13,5,9,2,1,,,7,2
3316,,8,1,2,4,2,7,3,10,4
3317,3,2,10,,,9,,,1,1
3318,,,10,5,8,6,,19,35,
3319,5,2,8,4,,30,,19,,12
3320,20,3,15,16,10,1,2,36,,
3321,6,16,,3,2,15,,1,8,7
3322,28,1,9,11,,,8,24,,
3323,11,1,5,7,,45,46,,,
3324,4,14,7,20,2,1,,,,
3325,4,2,5,33,,6,36,,,
3326,5,7,10,9,7,6,1,1,22,
3327,1,6,28,9,4,,,,14,12
3328,9,15,7,15,14,2,,6,13,
3329,9,,14,8,5,1,,,,5
3330,,5,11,2,1,,14,7,9,14
3331,1,1,,6,2,,25,,,70
3332,2,13,3,6,8,16,29,,,
3333,12,2,10,,21,1,31,,,
3334,7,3,35,32,,,,,,
3335,,13,5,10,1,49,,,,
3336,13,7,23,1,18,4,4,12,,
3337,,11,6,9,20,,21,1,14,
3338,1,,,28,17,,30,,,
3339,43,,11,2,,,5,4,5,12
3340,21,5,1,1,12,9,43,,,
3341,1,,34,12,,,1,3,5,2
3342,,6,,,22,4,,3,7,16
3343,,9,8,1,10,18,8,5,,3
3344,1,,5,8,,3,10,1,,18
3345,,14,7,27,,6,2,1,24,
3346,5,6,16,,1,4,10,,,35
3347,1,10,4,,2,8,9,2,5,2
3348,10,,,1,19,1,1,1,2,4
3349,,11,20,3,,43,,,,
3350,9,1,,9,11,,2,1,3,4
3351,6,17,6,40,2,,,,,
3352,,14,2,3,13,2,1,2,6,8
3353,33,,4,2,7,,,,35,
3354,6,17,1,14,3,1,13,19,,
3355,7,8,,3,2,5,3,11,,1
3356,,,,11,5,29,1,,8,31
3357,2,41,1,,13,5,2,4,5,
3358,11,5,5,11,12,2,,2,27,
3359,5,2,7,13,1,9,18,2,53,
3360,4,2,8,8,8,26,,28,,
3361,1,3,3,6,,12,4,5,2,10
3362,2,1,,15,8,2,,1,9,12
3363,,2,9,39,10,9,5,,,
3364,5,48,36,,,,,,,
3365,1,,10,3,16,5,9,11,20,
3366,8,17,,2,4,,8,5,6,20
3367,11,22,12,5,1,6,15,,,
3368,2,2,6,,,5,13,1,6,2
3369,33,1,33,7,,,,,,
3370,3,12,9,47,,,,,,
3371,,1,1,1,3,18,6,1,1,12
3372,14,1,1,,6,5,10,15,6,
3373,11,4,19,9,12,5,11,,,
3374,15,21,14,6,1,18,,,,
3375,,19,,28,6,6,2,5,1,23
3376,1,19,4,2,,41,7,,,
3377,5,9,2,1,1,8,33,14,,
3378,7,1,46,,7,,14,,,
3379,7,1,2,11,,1,5,3,1,7
3380,,5,,4,6,,,3,,9
3381,6,3,2,1,11,5,8,,4,111
3382,1,20,1,1,8,1,10,21,1,7
