1,True,4.557262224824857,6.4960022835529045,8.551010757655439,[6.66439173 5.40042446 6.62440343 7.29478951],[ 6.10733014  8.33511513  4.55726222  6.27091199 20.48545445  5.54999061]
2,True,4.874895775971755,10.127923913602203,6.872506685957921,[ 6.59191902  6.64060586  9.75435362 19.80382568  7.84891538],[10.07772492  6.34279119  5.93451851  4.87489578  7.13260303]
3,True,6.661266549089486,28.12949476098479,11.041091674599596,[  8.8040348    8.85752119   7.88680004   8.85429841 106.24481936],[ 6.66126655  7.32682816 10.16058924 24.04143196  7.01534246]
4,True,3.6625562936620923,6.4780337327219115,7.904091513991716,[6.39477085 8.06832502 5.24834099 6.20069808],[ 3.66255629  5.77002678  5.27437848 21.95765105  5.12186847  5.63806801]
5,True,5.203564489282101,7.163092710220335,12.67630331515752,"[7.56839913 6.57983829 9.13216147 7.6367982  7.33561461 5.54268183
 6.34615543]",[ 5.20356449  9.37606127 23.44928419]
6,True,4.794210716599444,14.227093361942268,6.2751485322173215,[21.52296632  7.19655525 20.17731048  8.0115414 ],[4.79421072 5.68375833 6.54137845 8.71416209 5.27772477 6.63965685]
7,True,9.652626340293622,27.67358728196899,10.985209190336557,[26.39771385 27.02563834 29.59740965],"[11.13899222  9.65262634 11.66993576 10.18780818 11.69892031 10.61228797
 11.93589355]"
8,True,7.808344130910356,21.616538609845502,9.466791154919225,[27.56963149 12.74379765 24.53618669],"[ 9.59164938  9.91879669  7.80834413  9.93500531  9.50404624  8.42173317
 11.08796316]"
9,False,4.951250127748214,7.850866875304265,7.028432100662703,[10.57069279  9.73415882  7.69117032  5.65405484  5.60425761],[7.26628614 4.95125013 7.03916054 8.49531815 7.39014554]
10,True,8.514981186979561,15.528211577886802,10.676451770961044,[12.65320287 13.30679572 24.64809502 13.28803902 13.74492525],[14.56840221 10.58459018  9.9614021   9.75288317  8.51498119]
11,True,6.3392539774604835,15.45334530249606,9.079632493766738,[32.06667684  9.142772    8.49726575 12.10666662],[ 9.40822603 10.90803136  8.78740931  9.41874687  9.61612742  6.33925398]
12,True,5.2497305018017855,9.046953076218278,7.698896340746866,[ 6.45169112  7.0134545   6.54524255  5.93363862  6.5354462  21.80224547],[7.18796123 9.29800114 5.2497305  9.05989249]
13,True,4.757831769457148,10.497571622342306,6.449716018909231,[ 7.99825527  6.30271187 20.82961402  6.85970533],[4.75783177 5.9521513  6.54369716 4.9546566  9.17811704 7.31184225]
14,True,4.798707444082247,11.28776053984469,6.507363964617694,[ 4.9236708   6.25528455 10.64357934  8.63971934 28.36511245  8.89919677],[5.35406765 7.65281493 8.22386583 4.79870744]
15,True,8.187070251251853,18.160328440128833,9.268961506457911,[21.108972   13.02354107 29.12969569  9.379105  ],[ 9.75706072 10.07955282  9.59277084  8.4199806   8.18707025  9.57733381]
16,False,6.671484548425603,10.732239428600556,8.489832490536049,[13.31316581  9.63379862  9.24975386],"[10.176124    7.6194435   7.17068622  6.67148455  7.02819825 13.56680607
  7.19608485]"
17,True,9.463652403849384,27.150557295449588,12.569862075263392,[29.79290834 23.51006218 28.14870137],"[11.49549846 12.48220362 14.87571365 12.24084025  9.4636524  13.06864098
 14.36248516]"
18,True,8.614984708990782,22.713439660303965,9.703754738859486,[24.29795464 25.4387805  11.08105702 30.03596648],[11.08091627  8.61498471  9.79649194  9.98358299  8.92939834  9.81715418]
19,True,8.422629345650382,22.695291220088063,10.316342458285723,[27.9633441  28.79240379 11.33012577],"[11.54039731  8.42262935 12.68908521  8.47209772 10.23123911 10.88928533
  9.96966317]"
20,True,7.539221004467716,21.92427519094558,9.472383779404618,[34.92507351 18.18700103 12.66075103],"[10.30017316 11.14840706  8.82312521  7.79279747 11.88977784  8.8131847
  7.539221  ]"
21,True,7.71632949562138,15.291555185151356,9.458769012398925,[29.70767008  9.59407502 12.23368029  9.63079535],[12.70694861  9.38008405  7.99278945 10.72994599  7.7163295   8.22651648]
22,True,7.122238073209992,19.33033380621481,9.66665445295753,[26.62745025  8.06889171 23.29465946],"[ 7.12223807  8.27199115 10.93616358  7.18330305 11.58442608  8.22401788
 14.34444135]"
23,True,11.272939580251702,23.40864875715253,12.575176708961713,[13.70219854 37.46480409 13.92452478 28.54306761],[11.55846478 11.27293958 11.83052091 15.82120231 11.74077277 13.22715991]
24,True,8.274652082741149,24.207787189497466,10.939138622982812,[26.83664853 32.43116222 12.97961863 24.58371938],[15.2675841   9.41018142  8.59680075 10.28752102  8.27465208 13.79809235]
25,True,6.206650075293954,22.79857929907469,8.225539844550603,[32.1373655  10.07361653 11.86604175 37.11729341],[ 6.69574377  6.20665008 10.19767325  9.28401838  7.19730388  9.77184972]
26,True,5.489767715301262,22.106893827955606,7.846338604885099,[10.29009358 26.62528133 29.40530658],"[ 5.48976772  6.29307558  9.21696651  7.52894405  9.01032475 10.17660415
  7.20868748]"
27,True,9.873024082498585,25.09357650260932,12.752446573934524,[26.16492875 33.94009751 22.4345921  13.06013006 29.86813409],[11.21466921  9.87302408 13.87195507 13.4441147  15.35846981]
28,True,8.426414529257674,18.580790121745114,11.20673764164221,[14.61362686 13.80910558 34.53045181 17.67916861 12.27159776],[ 8.42641453 10.84115414 11.81128185 11.01965812 13.93517957]
29,True,8.939643381959108,23.001534560926494,11.67237501674398,[15.6580541  32.48930978 27.08160787 16.77716649],[10.02807833 15.67060367  8.93964338 12.30163038 11.53373679 11.56055756]
30,False,3.7610430945160163,9.575626716078423,5.472393794474438,[11.21630073  8.71675465  8.79382476],"[4.32073132 5.85984157 6.13790016 3.76104309 6.16230402 7.50630055
 4.55863583]"
31,True,7.742047987513313,22.969065746277092,9.285847123079195,[27.05046906 12.50369137 29.35303681],"[ 8.01621757 14.43267675  8.04110787  8.66041489  9.39007339  7.74204799
  8.71839141]"
32,True,6.025373967465573,14.925813324944086,7.979216130010159,[ 9.42619678 29.06226322 28.13222065  8.58384011  7.19815061  7.15220859],[9.03248664 8.35088545 6.02537397 8.50811846]
33,False,7.4129833799315925,8.520879416253688,9.981160959313408,[9.05626876 7.50406676 8.64479949 8.87838265],[ 8.20408465  7.47582591  8.54392457  9.42631791  7.41298338 18.82382935]
34,True,8.24323642250372,23.619687532858382,10.652508768447936,[28.9951903  26.25356031 12.04583789 27.18416164],[12.42115476  9.84697867 11.06721651  8.24323642  9.39049994 12.94596631]
35,True,5.530565869522725,15.869525916801573,6.83140494114794,[ 7.10780756  7.99300921 32.50776098],"[7.02178647 5.53056587 7.78423367 5.7123647  8.68113304 7.29824617
 5.79150467]"
36,True,8.89526617150607,12.803563603892652,15.307021115038303,[12.34590069 12.53904375 12.16747136 14.16183861],[14.82396631 16.1183392  10.98139701 12.13616472  8.89526617 28.88699329]
37,True,6.399838530818943,14.251415060049203,8.826354594097927,[33.97114257  7.72890074  9.1433515  11.282777    9.13090349],[10.65981962  6.6822893  11.08965114  9.30017438  6.39983853]
38,True,7.31516681152704,21.78939887604263,10.442214545692462,[31.84856196 29.51404648 11.89807724 13.89690982],[ 7.31516681  9.5619992  10.62420799 13.05419735  7.37741502 14.72030091]
39,True,6.066985673627066,18.115764748196664,9.55458663202069,[ 7.73463001 32.89504582 13.71761842],"[12.38343872  8.47455122 11.85433444 12.21379683  6.51349708  6.06698567
  9.37550246]"
40,True,6.794886455524313,16.62605064174112,9.543634557697917,[14.80047686 12.18447336 32.29780977  7.22144257],[10.45053382 12.60414195  6.79488646  9.76482511  9.57463512  8.0727849 ]
41,True,8.238056094292322,18.357808685451634,9.665260195333703,[17.80369497 29.30982154 13.17297135 13.14474688],[10.83139081  9.11636861  8.72814539 10.41879523 10.65880504  8.23805609]
42,True,10.104989497468114,27.03800529671498,19.95798472834094,[33.75803082 33.08869058 14.26729448],"[11.82800803 62.02344534 15.90971051 15.4071827  12.73329188 10.1049895
 11.69926514]"
43,True,6.010990937552833,17.614468740229842,7.366275156670268,[10.70286304 30.24895115 11.89159202],"[9.33047995 6.01099094 8.57710391 6.99353931 6.14883234 6.20476305
 8.2982166 ]"
44,False,5.739545782123628,9.673144380558599,8.00345570337326,[ 8.64467889  9.9764193   9.23741052  8.85829477  9.74379822 11.57826459],[ 7.85891263 11.32356404  7.09180036  5.73954578]
45,True,11.408522981956779,34.20574150626376,15.024666195680016,[33.34923889 35.06224413],"[11.40852298 13.79103388 13.99504294 12.18956566 12.47551255 13.49670343
 27.90019056 14.94075757]"
46,True,8.273506895885255,28.169262725875033,11.320575388130834,[30.1684093  16.23167769 38.10770119],"[10.18035254 10.17119492 15.08385812  8.2735069   9.57921303 14.14327854
 11.81262366]"
47,True,6.831048309156149,18.29019758268744,10.97814936536035,[13.69967248 22.88072269],"[11.8771177  11.62055    11.07433329  6.83104831  9.2355541  10.83475005
 10.56011444 15.79172704]"
48,True,5.241304062211178,12.539379692001026,7.761680593707405,[ 8.70881663  5.85708262 31.70599793  7.16345862  9.26154267],[11.63263725  5.9513151   5.24130406  6.84566832  9.13747823]
49,True,10.791942996695667,32.226097667555024,14.893753553481522,[29.07736132 35.37483402],"[28.4862522  14.89931425 11.29537851 13.35539138 13.82979445 12.54236787
 10.791943   13.94958676]"
50,True,7.470540266355918,21.79587226194028,17.428487096583638,[16.11039649 34.48799207 14.78922822],"[ 8.96560696 14.25686721 16.22522358  8.63489223 57.10721221  9.33906721
  7.47054027]"
51,False,5.8904597428453975,9.508461114446092,7.209755327735477,[ 8.65361844 11.426982    8.44478291],"[7.83073156 5.89045974 6.48222896 6.62854672 7.05988903 7.65076234
 8.92566894]"
52,True,5.856612770055886,11.81550754994131,8.661373700719304,[ 8.46904162  9.28317437 26.33763577  7.17324273  7.81444325],[ 7.35711956  8.40822235 12.95834583  5.85661277  8.72656799]
53,True,12.401873959929535,31.95364537931683,14.852001742677889,[31.20499987 32.40984669 32.24608958],"[17.48053525 12.40187396 12.41237817 12.72173938 15.82895294 16.89376051
 16.22477198]"
54,True,7.19718287689993,12.416398146371154,12.17997425901243,[17.500907   12.38490374  8.32343911 13.6591211  10.21361978],[ 7.19718288  7.36055469 23.23901154  8.56291896 14.54020322]
55,True,10.607033996848909,24.42089757430987,12.047662492265033,[14.65436476 25.22949383 30.53404309 27.30184469 24.38474149],[13.09924213 12.27786001 11.63079388 10.607034   12.62338244]
56,True,9.165407782689712,22.23426462727634,11.49171521237596,[30.01571631 11.32544493 33.63375479 13.96214248],[12.17965728 13.90271539 12.16146585 10.70603267  9.16540778 10.8350123 ]
57,True,6.339072717939054,20.9963676627315,8.317039457038044,[26.90051988  9.24639367 10.6897407  37.1488164 ],[10.73247811  7.15096854 10.82246694  6.33907272  8.35113435  6.50611608]
58,True,9.948981114876009,24.782066051073617,14.04592196486026,[31.10368096 14.3125633  13.37158147 31.60437403 33.5181305 ],[ 9.94898111 15.41772401 13.48925597 13.76004719 17.61360153]
59,True,12.77993773050379,14.784596734955638,23.539784678126434,[12.84097669 14.8288769  18.25228437 13.53619441 14.4646513 ],[16.76357471 29.70290859 12.77993773 27.41224441 31.04025795]
60,False,8.449734811112336,15.69159458503155,10.275815793242991,[ 9.15596405  9.58024672 12.23527887  9.62298249 44.6178485   8.93724688],[10.75657142  8.44973481  9.2319397  12.66501724]
61,True,9.015541733604579,18.714641953206982,11.781353180492768,[17.01301463 29.254731    9.87618023],"[13.27722816 11.83192171 14.02525904  9.01554173 15.32263072  9.24885924
  9.74803166]"
62,False,6.804606700310391,13.252175890012424,10.082489734928432,[10.15525483 12.43107634 17.17019649],"[15.67643954  6.8046067   7.72179727 11.19944723 10.43273976 11.33731898
  7.40507866]"
63,True,5.331316066989992,21.689647293336815,8.475071944526336,[ 9.67085011 29.99129885 25.40679292],"[ 7.20355422 11.08751835  8.77799798  5.33131607  5.54489456  7.87876096
 13.50146147]"
64,True,5.471737781892443,30.990952865902955,8.548270094884444,[30.99095287],"[ 9.53693666  7.93500434  8.0534955  10.44203595  9.72428097  7.25978274
  9.27217485  5.47173778  9.23898206]"
65,True,7.566772855487774,18.60678389761879,13.260226267091243,[11.75860543  9.69772468 27.14415865 25.82664682],[11.707088    7.56677286 30.26143026 10.08918149 12.2135656   7.7233194 ]
66,True,7.907305816799401,31.329756448146924,11.909042571039594,[33.06154334 29.59796955],"[ 9.41660832  7.90730582 13.79995899 11.80440406 10.79446804 13.14645304
 13.36023313 15.04290918]"
67,True,8.899161016987954,19.455952829106465,12.206973683462932,[14.87818275 14.58918814 28.9004876 ],"[ 8.89916102 13.69989004 11.1619409  16.12310354  9.29156145 14.14681612
 12.12634272]"
68,True,3.5896608811147495,27.13705755109052,6.0426953991865515,[27.13705755],"[7.64159525 5.71735275 6.99737247 5.77109655 7.92520206 9.2560082
 3.62883473 3.58966088 3.8571357 ]"
69,True,4.9723367957833595,13.353557874871647,6.648588665404906,[ 9.23688986  8.87227358 27.51452338  7.79054468],[5.6773275  4.9723368  6.25675377 9.06727699 6.50585338 7.41198354]
70,True,10.519827267577412,11.968802578887248,22.54002686034845,[11.68814672 14.56581784 10.90137087 11.8705325  10.65584249 12.13110505],[10.51982727 15.06638942 30.94869067 33.62520009]
71,True,9.16952335454016,20.123909390736294,11.785315493227852,[13.08729156 14.49790127 13.7376216  32.1953401  27.10139243],[11.79905267 10.99172079 13.99885755  9.16952335 12.9674231 ]
72,False,7.37666729723399,13.366796384573334,13.184455319607903,[11.16782048 15.56577229],"[10.58602471  9.77522188 12.40074836  7.3766673  10.54112264 11.89528655
  9.9085968  32.99197432]"
73,True,8.603694187767289,18.47835185230642,11.40069228087186,[10.27493638  9.84791999 35.31219919],"[11.81364663  8.60369419 11.65626407 12.79840346 11.52752723  9.1393002
 14.26601018]"
74,True,8.177881968295853,16.197212853605055,9.404631551400566,[11.35590583 10.21385076 27.02188197],"[10.31171503  8.17788197  9.17022707  8.29186822 12.03967268  8.43249212
  9.40856377]"
75,True,7.637156337267744,16.09746028788992,12.23757419361007,[10.98175564 32.32285555  9.11083363 11.97439632],[ 8.83876765 13.75693291 16.37601845  7.63715634 14.62666784 12.18990197]
76,True,7.214142371148316,22.258350094353773,10.175328394685225,[10.37123565 16.26569486 40.13811978],"[10.00471043 10.36099168 12.12702573  7.21414237 12.79805607  8.04939656
 10.67297591]"
77,False,6.793814158490054,10.597699213277398,8.559273811351193,[ 8.35404511  9.17583776 11.53112563 13.1001026  10.82738497],[ 6.79381416 10.1981736   9.76801748  8.03327187  8.00309195]
78,False,3.5104309238760862,10.647343207566294,5.7710221948488005,[10.64734321],"[8.56454881 6.65648848 3.92342538 7.65565039 5.74918347 6.22328112
 5.3917881  4.26440308 3.51043092]"
79,True,8.104469903897243,29.015960059349702,13.067863490602463,[31.51619219 26.51572793],"[10.15085872  9.53818757 12.04719368 28.50048763  8.1044699  12.47399883
 10.05906428 13.66864731]"
80,True,6.254438583934622,21.61256279938702,7.961133278690198,[24.00846009 30.06564581 10.7635825 ],"[6.25443858 7.32337935 8.19432765 9.85519819 7.43815849 9.59154969
 7.070881  ]"
81,True,7.259486076481927,23.578881825200053,9.800108895111952,[28.17479509 12.28866223 30.27318815],"[10.34304586 11.51528033  9.93302053  7.25948608  8.26371561 10.90304751
 10.38316635]"
82,True,5.471583435985622,18.806921039499585,7.541077335558849,[ 8.2557895   9.6756969  29.37092391 27.92527385],[7.53902213 7.54978567 6.14404264 9.20663747 5.47158344 9.33539267]
83,True,7.6890495319543675,24.740280426108686,10.05780108139724,[30.88725245 10.13454095 33.19904788],"[10.6813618  11.10917673  7.68904953 11.70750423  8.19653911 11.19082183
  9.83015435]"
84,False,5.394658302077747,11.913921154303289,7.842351054079157,[ 8.28503366  8.03165145 20.64856258 10.69043693],[5.3946583  9.28044123 9.98146674 5.68938055 7.46090874 9.24725075]
85,True,7.00208517446028,14.769743819836773,10.67208334383706,[ 8.33630595  9.06476165 34.47942552  9.62470568 12.3435203 ],[11.42515982  7.00208517  9.54358053  7.19676867 18.19282252]
86,True,5.776331789247276,24.733218444260938,7.60793185480268,[33.39078129  7.91358144 32.8952926 ],"[9.04098733 6.97722721 5.77633179 9.01812643 6.70685764 9.29399783
 6.44199476]"
87,False,6.496931149215321,8.49971100379162,9.14557461932756,[6.75455085 9.35799907 9.01964638 8.31297946 8.78371244 8.76937782],[10.49450829  6.49693115 10.25327484  9.3375842 ]
88,True,10.13637036940159,16.979993154831508,16.68710815875284,[15.35769621 20.39662962 15.18565363],"[10.13637037 15.63999155 10.44833326 15.21825183 34.10580158 17.82073306
 13.44027547]"
89,True,8.377019095876918,21.46902174052801,12.040147728420981,[28.22780886 14.04716351 13.58702166 30.01409293],[ 8.3770191  13.20466552 10.84716357 14.26434996 13.31235646 12.23533177]
90,False,4.499901758316771,8.024272809693056,6.840400965183212,[ 7.44562242  9.34695983 11.20626257  5.35238413  6.77013511],[6.75843458 7.82704745 4.49990176 6.87731257 8.23930847]
91,False,6.4104875114070765,12.32387974266926,9.02917428492133,[ 8.15723427 14.60387429 10.5537077  15.98070271],[ 8.34453691 10.02746199 10.41796607 11.34444903  6.41048751  7.6301442 ]
92,True,9.07643646691539,27.312530589437902,11.317976292736395,[31.19064408 31.33825374 17.72968048 28.99154406],[10.59189742 10.55760938  9.07643647 12.42835782 11.29847592 13.95508074]
93,True,11.111426189943717,31.552234379065776,13.265906388881717,[37.56834658 17.74420543 37.46065929 33.43572622],[16.95520712 11.52922995 12.86868304 12.18191981 11.11142619 14.94897223]
94,True,8.966475377920268,28.281956729603323,10.835702827411392,[29.45142677 30.36191359 25.03252984],"[11.35225653  9.78422176  8.96647538 10.23545276 11.80967867 11.15402645
 12.54780825]"
95,True,5.6314975086844825,28.84552231404915,6.7244355637828175,[25.73426352 31.95678111],"[6.11327641 5.88894998 5.63149751 6.40649211 7.65541676 7.73310694
 7.23083283 7.13591198]"
96,False,8.095639532014918,15.117643212231638,11.233235465184963,[12.40973421 18.12431208 11.58807085 18.34845571],[13.2334683  12.29737462  8.09563953  8.83670652 11.82807878 13.10814503]
97,True,7.038311863322626,19.097780365229774,10.703658980326935,[27.13591178 12.28166974 10.13687181 26.83666814],[10.73832491 13.5732623   9.14643998  9.16242814 14.56318669  7.03831186]
98,True,4.954878893870536,13.677536285850802,6.928837823605707,[11.41443122 27.83479484  7.5867073   7.87421178],[7.82802324 4.95487889 9.51308311 5.5188334  8.71474961 5.04345868]
99,False,4.910747790388701,11.154684949901887,7.431785666366743,[15.37228589 11.03634399  8.68817571  7.1906057  13.48601346],[ 8.43210373  5.37861004  8.24412625  4.91074779 10.19334052]
100,True,7.700389191595008,28.612520643445038,10.688231031584431,[24.00370764 31.35059555 30.48325875],"[13.7305778   9.63616581 12.21747557  9.68751989 11.50412371 10.34136525
  7.70038919]"
101,False,6.02901236687892,12.457941356516745,8.772864191964661,[ 8.92414907 12.95136377 16.24038064 13.37754276 10.79627054],[11.12148717  6.02901237 10.34442918  6.19579402 10.17359822]
102,True,5.543424221602127,17.75163163307336,7.226199341702923,[ 6.63540798 28.86785528],"[9.14332134 7.83274542 7.66044776 7.52063998 5.74876569 5.66297891
 8.6972714  5.54342422]"
103,True,8.977242008643174,13.19787190141006,10.766222678643658,[11.53807048 11.63656921 10.1243865   9.54791779  9.38975805 26.95052938],[ 9.42513921 13.44186047 11.22064902  8.97724201]
104,True,6.26790378929028,12.274721466873284,9.525619280198425,[25.06080879  7.88553922  9.15572784  6.99681001],[ 7.76054469  6.26790379 10.83120446  6.78281201 17.4862868   8.02496393]
105,True,10.28463516533155,32.09335697364155,13.50297925971085,[28.76974596 27.52947553 34.16073546 37.91347095],[10.78290069 10.28463517 13.51132648 15.71657467 13.4027323  17.31970625]
106,True,8.232991099281247,22.204389934663734,10.200732762165533,[23.86675349 11.38200083 27.20701105 26.36179436],[ 9.26535681 10.97220233 13.03857785  8.62256827  8.2329911  11.07270022]
107,True,7.10395067305145,19.810350597206877,14.881603509238028,[ 9.8214948  10.10931153  8.86632787  8.46939005 12.2934036  69.30217573],[14.35866391 10.15850319 27.90529626  7.10395067]
108,True,8.13515767894059,12.173983115570229,12.446564696877385,[11.33644504 11.03146516 14.15403915],"[ 9.62800097  9.54471631 29.36795523  9.08712929  8.13515768 10.71896755
 10.64402584]"
109,True,10.963382866943235,26.945625891902484,13.533661342448283,[35.20817065 31.26308619 14.36562083],"[17.09803274 14.18677417 10.96338287 12.02223412 12.63096258 11.8755947
 15.95864821]"
110,True,9.90920317770335,17.539940629465203,12.105972782182079,[15.8288627  15.66937577 12.31764558 13.29035659 30.5934625 ],[12.98102647 12.27985105 13.89006022  9.90920318 11.469723  ]
111,True,9.421888968768716,17.950470911667782,12.101838412137099,[13.35795422 13.57331222 27.42129971 12.45478338 22.94500502],[ 9.42188897 14.36587236 14.26928517 12.6670266   9.78511896]
112,True,5.801189146428751,17.466403355189527,8.146462771474152,[25.09423874  9.83856797],"[7.78920992 5.80118915 8.04835305 9.78744037 8.04385254 8.00994899
 9.47925161 8.21245654]"
113,True,8.745437491472988,24.104481883427056,11.09873235134861,[29.62654304 30.69280014 11.99410247],"[ 8.74543749 10.69320526 12.57638477 11.99609414 13.95050768 10.83714797
  8.89234914]"
114,True,6.132157142038963,21.139714838892974,8.451874415581495,[28.2279476  22.89438501 12.2968119 ],"[ 6.15730484  7.07525912 12.02015793  6.13215714 11.1481073   6.45036685
 10.17976773]"
115,True,10.3336639251458,23.678699153030784,11.713183585422906,[32.21927268 14.79598532 30.21230735 15.60133107 25.56459934],[13.14252716 12.59422417 10.33541247 12.1600902  10.33366393]
116,True,13.109890161312155,33.54702294164882,25.328998914308652,[35.05366058 31.73726001 33.85014824],"[17.07795434 18.32125234 15.17205268 20.71563746 13.10989016 73.73877142
 19.16743401]"
117,False,6.137254486167944,14.328778455881363,8.834595950622747,[14.32877846],"[12.34894245  6.78124558  9.5674513   7.45784766  6.13725449  6.36723576
 10.61216102 10.72880567  9.51041962]"
118,True,5.9270993639152,17.103844763244894,9.286148869492754,[10.87410698 29.49761616 10.93981115],"[ 9.40853017 11.0058437  11.38196689  9.06398242  7.58326039 10.63235916
  5.92709936]"
119,True,4.694894158352209,21.434977507341305,6.391507339127037,[ 9.6117164  24.02890887 30.66430725],"[6.82222227 5.62294912 7.1254715  5.65526395 6.61512661 8.20462376
 4.69489416]"
120,False,3.3652194847139008,12.08921990398348,5.9198495580094495,[ 4.771578   29.90621969  7.80789303  5.87118889],[7.45464975 7.15675841 5.63654799 5.19704344 3.36521948 6.70887827]
121,False,4.586220804751935,7.362003890518839,8.20126632992944,[6.23072517 7.84059379 8.01469271],"[ 8.28506928  7.55169048 10.91217088  7.68771457  8.91801695  9.46798134
  4.5862208 ]"
122,True,5.248475166071028,15.35017391108443,8.169502423626119,[25.35968807 25.7571337   8.85738076  8.48914562  8.28752141],[ 8.22868521 11.53083333  7.84336239  7.99615602  5.24847517]
123,True,5.350807027933272,23.1610878402239,8.16110480620488,[13.36560539 32.95657029],"[ 6.57270681  5.35080703  9.71669599  6.16461427  8.28911601  9.2457835
 11.91581455  8.03330029]"
124,False,6.7396521164404675,10.66125767601185,8.835735401443856,[11.65864834 11.9410956   9.52905596  9.5162308 ],[12.01640961  9.51246842  6.76145068  6.73965212  9.19996101  8.78447057]
125,True,8.358646142298483,15.862732437540382,10.49063310948691,[10.55013772 27.65546552  9.38259408],"[ 9.7321523  14.12544706 11.6801605   9.26102538 10.54579255  8.35864614
  9.73120783]"
126,True,5.609030745130546,16.790153896641893,7.6534260112976185,[10.54093382 27.33842435 12.49110352],"[8.73267921 6.47082473 8.33124022 9.58383219 7.05081525 5.60903075
 7.79555973]"
127,True,6.709929069630071,14.142094456901942,8.380033842346702,[10.49956393  7.76590698  8.88718473 29.41572219],[ 8.40965114 10.59144214  9.77167224  8.01365254  6.78385594  6.70992907]
128,False,3.786548836575559,11.4188060922,5.669059742822965,[10.2574009  16.19493186  7.80408552],"[6.76777201 5.95452577 6.38927842 5.81530957 6.4007719  3.78654884
 4.56921169]"
129,True,6.6822335969375395,21.880331167433926,8.320319630839684,[32.15865765 34.85128828 11.27106384  9.24031491],[8.47744151 9.55193001 8.00920422 7.59266665 6.6822336  9.6084418 ]
130,True,8.053533859277596,19.80493024258523,10.120669380476565,[11.86904974 26.95010158  9.62273848 25.82564634 24.75711508],[ 8.71521511 13.30794221  8.05353386  8.12004894 12.40660679]
131,True,7.764565798279897,26.713472974354726,9.67101675673635,[23.23606764 29.54723675 27.35711453],"[ 7.7645658   8.61829797 12.37767074  8.05368966  9.77639153  9.95345153
 11.15305008]"
132,True,8.777706389598876,15.099595527711974,10.007493623086573,[26.21618454  8.97582603 10.10677601],"[10.89053864  9.17847893 10.1400278   8.77770639  9.18964981  9.02153791
 12.85451587]"
133,False,7.55570457307201,9.949535134652278,9.794090291197731,[10.49719334  7.69017922 11.66123285],"[12.27223873  9.99787264  7.55570457 10.41265433 12.06867121  8.13906374
  8.11242681]"
134,True,6.519690840834514,8.323074546024653,12.434943743895719,[ 6.64207723  8.29575901  8.57808572 10.25351269  9.07412036  7.09489227],[25.49857346  6.51969084  8.77915761  8.94235306]
135,True,11.885690570267105,24.880548945462984,15.623238824708379,[12.9662797  33.88501069 28.07881139 24.592094  ],[12.06751162 11.88569057 30.2490365  13.05178735 13.10122251 13.3841844 ]
136,True,6.141355519587712,22.623868856917024,8.134546865674649,[31.03437449 25.97299949 10.86423259],"[ 7.29813392  9.58329821  6.92591653  6.14135552  7.14848024 10.70558057
  9.13906307]"
137,False,2.3913290311633384,6.482714828422746,3.7201381927513526,[6.92145161 7.53589812 4.99079475],"[2.39132903 3.37383007 2.97454025 4.35574294 2.73647493 5.56594448
 4.64310565]"
138,True,5.324362063942495,15.139995069655205,8.679324125141887,[ 8.35339762 12.83572414 24.23086345],"[10.49211523  8.21391834 11.1616618  11.28627098  5.32436206  6.62854755
  7.64839292]"
139,True,6.756587141256574,29.02805901759777,9.376181701395081,[30.50306578 27.55305225],"[11.29333435 14.54040762  9.86590379  6.96191252  6.84326777  7.57735464
 11.17068578  6.75658714]"
140,True,9.238261312270687,24.586934628166855,11.517603547358656,[30.35150401 23.23952532 15.02299607 29.73371312],[12.09498384 10.44870331 12.68951169  9.23826131 13.20298572 11.43117541]
141,True,7.036423497203028,25.538276371577144,8.737928675424795,[26.82919019 22.60470826 27.18093066],"[ 7.56868201  8.26020423 10.01206833  8.8099026   7.0364235   9.83318157
  9.64503848]"
142,True,9.59888244930697,47.334573075396726,11.859677917863028,[28.35402262 66.31512353],"[14.50537803 16.23017249 10.73431363 11.29570892 10.87215032 11.09395076
 10.54686675  9.59888245]"
143,True,5.6396694447092415,15.23951561099012,7.004254701809155,[ 9.69670457 11.93634691 24.08549535],"[5.63966944 8.31757431 6.86250324 6.71130587 8.34976516 6.01614723
 7.13281765]"
144,True,13.466138365887716,27.52407489887157,15.200435920848694,[30.95868373 29.28155064 25.2058064  23.507218   28.66711572],[13.46613837 16.03653453 13.50847969 16.59061385 16.40041315]
145,False,4.138146101153332,7.835661250197829,6.34225008819013,[ 9.13072026  6.48805492 10.52123187  5.20263795],[4.1381461  6.35748683 7.16082231 8.37254522 5.20377855 6.82072152]
146,False,5.395597931697125,10.905840402742646,7.624319686060645,[10.28189027  9.95969958 12.47593135],"[8.47285016 9.02736438 5.53822578 7.84199265 5.39559793 7.80682845
 9.28737845]"
147,True,5.76242333756867,22.92711199396487,8.331483646925715,[23.89830443 21.95591956],"[ 7.06706683 10.70943111  5.76242334  6.67033126  6.91389186 12.13016553
  7.24884312 10.14971613]"
148,False,5.89666665238768,8.494841115391846,8.85853514754488,[8.04647118 7.59791765 8.03899644 9.85290622 8.93791409],[ 5.89666665 10.38885317  8.10042794 10.95788438  8.94884359]
149,True,5.183848152018001,18.996069804655697,6.948536102628409,[ 9.11798574 28.87415386],"[7.00098137 8.51705731 5.53575971 7.1782829  5.18384815 8.15151485
 7.10990881 6.91093572]"
150,False,4.494137768034996,7.90250732092226,6.231144001960404,[ 7.13446681  8.01782715  6.31607578  6.45539681 11.88558639  7.60569098],[8.28583424 4.82017798 7.32442603 4.49413777]
151,True,5.0175592843309325,17.497582240071093,6.891022464328349,[ 9.65000501 25.18129364 27.18843142  7.97059888],[8.36251013 7.49308667 8.07640852 6.57767925 5.01755928 5.81889093]
152,True,6.065832055427194,16.155572048438945,8.821623306805382,[21.8842866  11.69421247 14.88821708],"[ 9.78798368  8.82547906 10.78215996 11.664392    7.00348649  6.06583206
  7.62202991]"
153,False,3.9795046539257584,9.293592978589121,6.25434125554901,[ 7.87788515 11.18029995  8.82259383],"[6.14728487 8.76651278 3.97950465 7.8903544  6.88426767 4.51217379
 5.60029062]"
154,True,5.75493543310969,15.594319953320039,8.887231684465782,[ 9.93526565 28.67829785 14.90483894  8.85887738],[ 8.75057725 11.48974226 11.97296449  7.50189874  7.85327192  5.75493543]
155,True,4.347729471898752,17.492400712634186,5.893183730813458,[11.52667446 23.45812696],"[5.09572493 4.34772947 5.50715108 5.18052318 5.72001642 5.55347252
 8.66492282 7.07592943]"
156,True,4.587509815053412,11.951137200044455,6.282737335825097,[ 9.21144711 23.42360422  6.40156677  8.76793069],[7.09280593 8.27359426 4.58750982 6.54349407 6.02515521 5.17386474]
157,True,6.763033028125879,17.173620825566708,9.469545672471584,[10.69833432  7.29665939 32.53070324 25.20586602 10.13654115],[ 6.76303303 11.16010831  9.14649762 11.109381    9.16870841]
158,True,6.255518607486202,15.36406170447213,9.758913912634728,[ 7.88387011 26.25886932 11.94944568],"[10.26064928 13.87587701  9.59766039  8.8518696   9.97760076  6.25551861
  9.49322175]"
159,True,7.629135814658387,21.96534404574185,9.559577212004065,[28.50575279 11.59127282 20.8487598  26.91559078],[12.32526506  8.54477243 10.81272407  7.92591913  7.62913581 10.11964678]
160,True,7.319913867355385,18.85157190393854,8.413237414481802,[25.30310945 24.58143774  8.96151809 11.52399027 23.88780397],[7.91243761 8.38753253 7.31991387 9.88090577 8.56539729]
161,True,9.035011356576483,22.423612278584542,10.24053935102889,[22.97901437 14.33467744 27.963124   24.41763331],[10.08478926 11.86375729 10.78272233  9.58176396 10.0951919   9.03501136]
162,True,4.745133070723195,13.119074095764127,7.1813969689203185,[19.90614944 10.25952978  9.19154307],"[4.74513307 6.93611569 5.75239299 5.96967745 9.90340265 8.99578758
 7.96726934]"
163,True,4.785902923561275,14.670364928448066,7.435305836722414,[27.25078358  8.80177257  7.95853864],"[ 7.29038397 10.26239533 11.08121809  5.20394889  4.78590292  6.23435485
  7.1889368 ]"
164,True,4.548262265019645,11.970039124110567,8.289047661355301,[ 8.33492816  7.71397676  7.53951027 27.23072168  9.03105876],[ 4.54826227  8.0973325   6.86354676  7.74133057 14.19476622]
165,True,8.527357754607578,15.063222484958864,9.895786156122249,[ 8.69227879 31.54004125 10.72807186  9.29249804],[12.84831818  9.04414082  8.57637052  8.67183791  8.52735775 11.70669175]
166,True,10.405020947173426,23.268780050797993,12.960594291623812,[21.50410109 27.12803647 28.49893057 15.94405207],[15.19580664 13.39799378 11.98989855 10.40502095 14.19675756 12.57808827]
167,True,8.289527231494958,15.061816588118939,9.196864233030038,[ 9.34906526  9.20882277 22.9854418   9.02863634 24.73711677],[ 9.86295458  8.49960012  9.18246474  8.28952723 10.14977449]
168,False,4.453597512321778,8.84379211865388,6.964882681566017,[ 7.52566981 10.24645203  6.8322417  10.77080493],[4.8239835  7.88467547 8.63171004 6.78055678 4.45359751 9.21477279]
169,True,6.4877816729669355,21.690283670990777,9.225739947401438,[19.88549856 23.48254738 21.70280507],"[ 6.48778167  8.59104886  7.77110981 10.79477905 11.07136889 10.27808718
  9.58600418]"
170,False,5.490501432089275,14.972294248178358,6.884505335871797,[14.97229425],"[6.87824878 8.08065748 6.96090199 5.49050143 6.62851823 5.65911609
 8.13854569 6.30175012 7.82230821]"
171,True,8.658643035686676,18.843230564532778,9.953145711146494,[ 9.98816929 10.79005211 24.26676384 27.80157705 30.01807566 10.19474543],[ 9.27072838  9.25985668 12.62335475  8.65864304]
172,True,10.315335268911443,28.635410889334494,12.637868244205208,[27.58684697 27.56221219 30.75717351],"[12.3028855  13.69049203 13.85626058 12.12456178 12.60118218 10.31533527
 13.57436037]"
173,True,11.534111402155734,29.226133279884326,13.311070999131978,[26.88330428 30.40231864 28.83081851 30.78809168],[13.94682929 11.93641449 11.5341114  15.60099897 14.58530991 12.26276192]
174,True,4.893762418559017,21.540265227666836,6.185159966404701,[21.54026523],"[7.40626908 6.91512365 6.88666608 6.07152956 4.91961662 7.37592903
 5.83701749 5.36052577 4.89376242]"
175,False,5.925568239798572,25.53086181185138,7.428599043938983,[55.91816249 11.37639655  9.29802639],"[7.09863348 8.41004339 9.01071197 7.17693287 6.09839503 5.92556824
 8.27990833]"
176,True,4.882440633668335,20.699033700451015,6.862319754288165,[26.63551717  9.52666989 25.93491404],"[7.70117889 5.01122998 7.92461208 4.88244063 6.95131472 8.65206533
 6.91339664]"
177,True,4.662923578450997,15.235768028005127,6.631090242235312,[26.08999027 10.19181136 17.69931664  6.96195384],[5.67683883 7.81842766 4.66292358 6.95121811 8.0087209  6.66841236]
178,True,6.080982107005461,17.641723529692563,9.782803258792871,[ 9.78390488 25.49954218],"[12.88922434  9.21688547  6.08098211  8.53080687 10.16261779 14.12958806
  7.15167721 10.10064422]"
179,True,5.547413816971449,13.198150422047334,7.209089704136924,[ 7.21232167  7.62281264 24.75931695],"[5.54741382 5.77287098 8.85510973 6.03063828 8.1546025  7.47818648
 8.62480616]"
180,True,5.320817651039675,17.024560960097496,7.909361672072272,[23.40078936  8.32380761  9.68002371 26.69362316],[9.88908369 7.10994614 7.94370856 5.32081765 9.21713835 7.97547563]
181,True,12.378165026832868,25.07184206124072,15.668203925109493,[25.06232338 24.66551317 26.60986047 23.94967123],[15.07874575 13.70814496 26.7243156  12.87299745 12.37816503 13.24685476]
182,True,8.458953443084742,19.458780816036082,9.692998800149816,[18.13822121 23.47192871 25.35976532 10.86520802],[ 9.24239975  8.74937491  9.99779277 10.57782267  8.45895344 11.13164925]
183,True,7.104279060267615,13.511479694827022,8.20954897387574,[ 9.2768332  27.14833653 13.00373117  7.77733594 10.35116164],[8.23504368 7.34366568 7.10427906 8.89760845 9.467148  ]
184,True,4.637589879147253,16.68691274458628,6.128906816302786,[ 9.39608972 17.35493773 23.30971079],"[5.85044821 4.90247094 7.83552382 8.34303931 4.63758988 4.69493148
 6.63834407]"
185,True,5.108631818610846,11.934990076994078,7.545330415343061,[30.26551406  6.81249226  7.03225223  7.64048943  7.92420241],[6.7152249  9.41142661 9.62475889 5.10863182 6.86660986]
186,False,6.630917479673236,8.545696370683947,8.6878120888545,[ 9.8615463   7.23117401  7.63686654  7.08456006  9.0084064  10.45162492],[ 6.63091748  8.2489506   9.7218353  10.14954497]
187,True,8.154473655305924,28.439072655892975,10.178459451566306,[25.84499682 29.4018445  30.07037664],"[ 9.81378284 11.54108281 10.82975724 10.8248459  11.10247692  8.15447366
  8.98279679]"
188,True,4.482036738806013,15.222494431153372,6.484364185452209,[10.13755676 20.3074321 ],"[5.96108015 4.48203674 6.98191438 5.5038007  5.8888772  7.59400067
 5.92174607 9.54145756]"
189,True,4.17102312982971,16.33120700349852,6.418048472967639,[22.1841653   7.27859626 19.53085945],"[6.03250378 9.50825323 6.83567028 6.05388121 6.26842927 6.05657842
 4.17102313]"
190,True,6.783949509960074,24.179140262819587,9.431345517509321,[26.24608422 22.11219631],"[ 7.63964221 10.20636608  7.54256273  6.91383658  8.80114171 18.21886543
  6.78394951  9.3443999 ]"
191,True,10.613990910003448,29.626360441394993,15.815150214424909,[30.744956   27.92890194 30.20522338],"[12.49373628 11.7130585  12.18449566 14.44653779 10.94249936 10.61399091
 38.311733  ]"
192,True,5.882352718263718,13.602192790480203,8.034194578760172,[ 6.54755636  9.20078568  6.74581379 21.31232895  8.95901818 28.84765377],[8.18306803 9.90601951 8.16533806 5.88235272]
193,True,9.501375030669518,19.905879395701277,14.580133927064633,[28.70783511 13.06473232 25.061936   21.66255717 11.03233638],[ 9.50137503 15.63207131 22.92265607 12.84113331 12.00343391]
194,True,6.612861562550641,10.495470626632972,12.823194352836893,[12.76876776  7.02304148 11.12211246 14.70499324  9.6813236   7.67258522],[26.70956716  6.61286156  8.71030699  9.26004169]
195,False,4.450884417271595,7.131245255195312,5.316761859700655,[8.0252577  7.48778674 6.98968041 6.02225617],[4.95292386 7.41814593 4.45988773 4.45088442 4.78082507 5.83790416]
196,True,3.9149634885833002,16.642056376983543,5.544587162302195,[ 6.86235493 26.42175783],"[7.82374579 5.61865351 4.38983383 4.44663865 5.85958946 3.91496349
 5.36201187 6.9412607 ]"
197,False,5.035282757437553,9.139783661228876,7.401326196415894,[ 8.74639146  9.08008672 10.19114038  8.54151609],[8.10159977 5.03528276 7.32479078 5.8827908  9.7452164  8.31827667]
198,True,6.935798853009729,8.621228760390004,17.05914977274949,[ 7.8548604   7.0129208   8.24150253  9.31233373  8.48313027 10.82262484],[15.70546564 21.40608752  6.93579885 24.18924708]
199,True,8.718423396206504,10.778044940107174,17.720138099651752,[13.66755031  9.669833   11.84350739  9.4050663   9.94524541 10.13706723],[ 8.7184234  25.9198974  21.32470259 14.91752901]
200,True,4.564699992918015,13.285030963733092,6.658741554644888,[ 7.60841314  5.40829533  7.93278344 24.01203371 21.4636292 ],[9.66696475 5.92301553 6.22985093 4.56469999 6.90917657]
201,True,4.551445894873957,15.321849412491607,5.921603181071433,[29.37016697  7.94063928  8.65474199],"[6.52154972 4.96540211 4.55144589 5.57522156 7.52804064 7.36028219
 4.94928016]"
202,True,5.845532412011178,12.814549021923806,9.105100652411009,[11.88882615 24.07433438  6.74085962  8.55417593],[ 8.03291691  8.95881841  8.08146356  9.54974065 14.16213198  5.84553241]
203,False,3.365917116969648,6.363560969887271,4.3942716210007315,[6.92310579 6.44049523 5.72743493 5.10226542 8.83272618 5.15533827],[4.37835825 3.36591712 5.17465607 4.65815505]
204,True,4.801175539031522,6.4050778472795935,10.450019522921192,[6.73282158 6.91138804 6.448898   5.52720376],[ 6.29347789  8.18691753 30.69516438  4.80117554  6.53582994  6.18755186]
205,True,8.017846405642302,9.280148554864345,17.936851457100524,[ 8.44352522 10.13429458  9.50524494  9.1137811   9.59221532  8.89183017],[ 9.86623876 30.64742076  8.01784641 23.2158999 ]
206,True,4.349327094515839,23.42665924121416,6.215357396623495,[24.08706141 22.76625707],"[ 6.53073539  5.36689607  4.34932709  5.09053328  5.16095258  6.87897868
 10.10539379  6.24004229]"
207,True,4.805580127092387,10.94364245016438,6.283746802818251,[ 5.5691301   8.07125855 23.60040915  6.533772  ],[5.57458115 6.80901203 7.87473431 4.80558013 5.464851   7.1737222 ]
208,False,5.6134713560807725,7.693678352828087,24.218629595285364,[8.48096112 7.28495749 8.77611786 7.41963955 6.50671574],[ 5.61347136  6.13507971  6.37175134  5.7147869  97.25805867]
209,False,3.7496013234800083,8.248016059090904,5.7437220811165774,[8.31571645 8.9191087  7.38097269 8.3762664 ],[4.22171964 3.74960132 6.14966893 6.98771506 6.9201149  6.43351264]
210,True,3.9906112213931237,25.12596189779741,5.808826916706116,[25.1259619],"[7.0834902  4.08963996 5.54550628 8.87754686 3.99061122 5.58946709
 5.14908453 6.62708105 5.32701506]"
211,True,3.4246014924372803,24.509815501029493,5.715853353723716,[24.5098155],"[6.54802185 6.58653327 3.42460149 4.36393609 7.22308805 4.75813759
 7.33820428 5.5526271  5.64753046]"
212,False,4.03810592307493,7.993316702752192,5.728106918187992,[6.90654567 9.43331337 7.64009107],"[8.57640408 4.86507979 6.36078807 4.92264771 6.72820506 4.03810592
 4.60551779]"
213,True,3.986537965013696,17.558370357915962,5.629375156726414,[ 9.95840022 25.1583405 ],"[6.06019947 7.15427295 6.12307415 5.94985257 3.98653797 5.13591122
 5.85855284 4.76660009]"
214,True,3.3354417014743376,18.36176643502562,4.600377172073195,[ 4.7543285  24.45630772 25.87466309],"[5.57120243 5.49951746 3.3354417  3.4739385  6.51797663 4.23670155
 3.56786194]"
215,True,5.323810300856628,18.91210219476412,7.615342443235512,[11.12185396 23.30520629 22.30924633],"[8.93313247 7.11254519 9.16278991 5.3238103  7.20704047 8.3247904
 7.24328836]"
216,False,4.115914210099945,9.604077967340219,6.277741452094042,[10.63604787  7.82409622 10.35208981],"[7.36656465 5.61695458 4.11591421 6.41482366 5.42071311 8.14998104
 6.85923891]"
217,True,5.0574287192638785,19.17255818655357,7.617889664379506,[24.42201757 24.58184562  8.51381138],"[ 7.12197334  5.92363732 13.9279621   5.40345448  5.05742872  8.61273847
  7.27803321]"
218,True,12.046318850491097,64.265740757441,13.825719519646924,[ 27.79649468 172.02498539  28.0855448   29.15593815],[15.59871978 12.18308012 13.75686383 13.15522674 12.04631885 16.2141078 ]
219,True,8.779183858881996,21.962766148574158,10.440742035128203,[29.05187779 22.41617135 10.04219569 26.34081977],[11.47238019 11.578236    8.77918386 11.50921162  9.30282353 10.00261701]
220,False,3.736716107401957,8.548721863090687,6.395792701554005,[ 5.9859162  10.92279497  8.73745442],"[ 7.86526087  4.8182125   3.73671611  5.41094207 10.88388215  5.56760676
  6.48792845]"
221,True,5.832059088396946,11.747247692012794,7.604784265450586,[ 7.84050274 10.32326156  8.03840822 20.78681825],[7.8681986  7.8588159  8.8640678  6.39661598 8.80894823 5.83205909]
222,True,7.496592070132756,16.57689660346586,10.030410712152836,[21.79128418 10.88599507 12.06096412 10.32090179 22.14630934 22.25592511],[10.49268288  7.49659207 12.00735109 10.12501681]
223,True,7.095692074924369,16.357788889750523,8.999158783430408,[ 8.55244747 23.56195754 23.44394041  9.87281015],[ 7.75865961  9.16362542 10.35711641 10.71201972  7.09569207  8.90783948]
224,True,4.512555540645629,13.944593310821794,7.164598419046702,[28.10144503  6.28517076  7.44716414],"[7.80232739 8.18798643 4.51255554 6.06834757 6.0312071  9.24683393
 8.30293097]"
225,False,4.703833279523373,9.051759049345621,6.582988261148821,[9.05031717 9.82484103 8.28011895],"[8.06663017 6.62302916 6.23251215 6.94481087 7.01991108 4.70383328
 6.49019112]"
226,False,4.168159070696416,9.02235026251083,5.879539570206036,[11.0829169  10.19934581  6.96078705  7.8463513 ],[6.95099479 4.16815907 5.92415089 6.0729567  7.89193643 4.26903953]
227,True,5.516830139453841,6.601842894541146,12.428905611103772,[5.85998897 6.18691324 5.94563856 5.97391612 8.53602031 7.10858017],[ 8.89098938 26.83641763  5.51683014  8.47138529]
228,True,5.804387217855147,29.954551421453516,7.7265135665340345,[29.95455142],"[ 8.26873219  7.94654823  5.87865822  9.49018772  7.15993247 10.09675512
  5.80438722  7.84259761  7.05082334]"
229,True,9.21571496099708,24.346851891397726,10.081532166652675,[25.37279609 24.3192832  22.89774908 24.7975792 ],[11.07710651 10.87709223 10.35700815  9.21571496  9.28649758  9.67577357]
230,True,4.579143711612527,15.231630035798648,6.714433337869093,[10.91295035 21.53740859  7.27410086 21.20206034],[7.59710364 4.57914371 8.18321858 8.14140107 4.94644705 6.83928598]
231,True,3.065706117292393,9.556535526698944,4.557361504429107,[ 4.88237527 19.00613653  4.78109479],"[4.5978579  4.34150776 4.0820091  5.0858747  6.31526127 4.41331369
 3.06570612]"
232,True,3.848649184209396,22.865761032699147,6.019369508599747,[21.87186228 23.85965979],"[6.63504234 7.25715196 5.09629084 3.84864918 4.88751053 6.74150996
 7.447138   6.24166325]"
233,True,4.569045495269485,11.6028748885661,6.5787954835246865,[ 6.82211241  8.34224782 19.64426444],"[6.91403562 7.31885405 5.63417334 4.91712287 4.5690455  8.81815149
 7.88018551]"
234,True,4.716693549551401,16.20147825214279,6.1489762974881685,[ 6.44030275 18.77417314 18.07217471 21.51926241],[4.71669355 8.11230428 6.13953946 4.83013341 6.85909233 6.23609476]
235,True,3.895544137887847,16.422643263514967,5.425494933785639,[21.19282637 20.10298745  7.97211597],"[5.18324372 6.34885741 7.0491632  4.2604396  4.87938142 3.89554414
 6.36183506]"
236,True,6.381474275435195,18.997294201963662,7.903335271326884,[24.0765582  24.06192751  8.15782195 19.69286915],[8.89719497 8.24988243 8.47403562 8.72854375 6.68888059 6.38147428]
237,True,5.906982852134789,19.348804566362745,7.967450584763995,[ 9.03646499 22.26216216 26.67514703 19.42144408],[9.20354764 8.55676201 7.94498304 8.15896148 8.03346648 5.90698285]
238,True,7.3106013663296565,18.667924784093433,8.290246017479278,[24.69249916  8.34801964 21.8226607  19.80851964],[8.75847479 8.55606647 8.82049045 7.31060137 7.36102722 8.93481581]
239,True,3.4999725058250952,49.27480833217428,4.652352568145823,[  9.21581699 117.16757456  21.44103345],"[5.64070472 3.49997251 3.64045063 4.96234784 4.81940157 6.2105602
 3.79303052]"
240,True,5.658643037450258,10.505879149966749,6.782154106748508,[19.71924436  6.42543916  8.00977476  7.86905832],[7.34809158 5.65864304 7.21219077 5.80861824 8.0669022  6.59847881]
241,True,7.317762247496017,10.456192277682469,13.91146042985406,[ 7.70785478  8.62287461 14.3976489  11.09639082],[ 7.31776225 25.66403303  9.11981262  9.20748214  8.29344264 23.8662299 ]
242,True,4.581757817246583,12.573202101780614,6.378828728382877,[ 7.72073441 23.40243893  6.59643296],"[4.58175782 9.2336463  6.96296438 4.60611181 7.03826737 5.29960252
 6.9294509 ]"
243,False,3.2551435649783507,5.630927137353698,4.147210983023377,[5.77969893 5.37487123 5.69375603 5.67538236],[5.91443516 3.38968968 4.61972841 3.80335792 3.25514356 3.90091117]
244,True,6.638921423151437,8.853397427307751,13.984706537193091,[ 9.11972741 13.47330331  7.25035081  7.34018076  7.08342485],[25.27018576  8.45010382  8.79391642 20.77040527  6.63892142]
245,True,5.274691385026188,12.395637832208019,8.708930205348299,[ 7.21756742 27.6711029   7.95315869  6.74072231],[12.63903249 12.58060033  8.07920955  5.27469139  6.89521204  6.78483544]
246,True,5.959965107530067,19.151019614521335,8.166506393295826,[27.51946236 22.79846283  7.13513365],"[ 6.90703827  7.40689546 11.88771667  9.22312214  7.94006363  5.95996511
  7.84074348]"
247,False,4.0031308754428885,6.803904482833612,5.191929927500975,[6.54977863 5.05462899 8.02922165 7.58198865],[5.09609092 5.11090704 4.00313088 5.62971262 7.06549974 4.24623837]
248,True,5.580408093841445,11.425963194407103,7.507585689171257,[10.02662854  7.90622183 20.65121235  7.11979006],[11.12756657  7.26415618  6.51041745  7.75642305  5.58040809  6.80654279]
249,True,4.380161230225976,15.603196449450374,6.271572997685818,[ 8.72884369 12.98009885 25.1006468 ],"[6.33027927 6.52392502 4.38016123 7.36258041 6.54969873 7.00115212
 5.75321421]"
250,False,4.598592269980564,8.778983296185052,6.416159718748777,[9.51631321 8.1925385  8.62809818],"[7.80222473 5.92779472 6.69792965 7.19378175 5.92335956 4.59859227
 6.76943536]"
251,True,5.5995554150530715,21.531151523668385,7.771279629813781,[27.43358466 12.60159818 24.55827174],"[11.39279513  8.72464906  5.59955542  6.92794836  8.39502038  6.34853467
  7.01045439]"
252,False,3.21296610326074,13.64679978750224,5.056589364212305,[ 8.01483301 19.27876656],"[6.59273104 4.80018792 6.19348302 4.7520431  3.2129661  4.50123024
 6.72347591 3.67659758]"
253,True,4.762694350050364,10.489707958970346,9.745633681093233,[ 6.29109765  7.00411727 20.15366234  8.50995458],[25.16065303  5.44656563  7.00795028  9.59687365  6.49906514  4.76269435]
254,True,5.750376093626919,14.815814579988995,8.578286843048472,[ 6.64572562  8.04091283 20.00637748 24.5702424 ],[ 5.75037609  9.44563489  8.13326947 10.01940983  8.56552327  9.5555075 ]
255,False,3.8221693213875234,6.046900396171381,4.894038043609555,[7.04757579 4.00123991 8.91910408 5.97642918 4.24122224 6.09583119],[3.82216932 5.73567735 4.72832959 5.28997591]
256,True,6.343776126013147,17.579916433637155,8.261871091080279,[ 9.61064595 22.1218655  19.16385855 19.42329573],[ 6.96298871  9.29343177  8.65491098  7.31292133  6.34377613 11.00319763]
257,False,3.2865598739828137,6.016552431307866,5.577576245672432,[4.22763307 6.66728119 6.25180076 6.91949471],[3.28655987 7.4032188  4.01476174 6.38211689 6.58915486 5.78964531]
258,True,7.172587574197835,20.105671706072904,8.765683320519635,[16.2785058  20.05674325 20.07993156 24.00750622],[ 7.33305406  7.17258757  9.47218923  8.52808349  8.42147027 11.6667153 ]
259,True,4.719730277405116,17.545816370885856,6.201691475825186,[20.98737727 24.0402573   7.60981454],"[4.71973028 6.55271731 5.84402584 7.3489772  6.06482461 6.36529372
 6.51627137]"
260,True,4.459391380490771,17.412431577970583,7.171879769988138,[ 6.95503708 23.53457262 21.74768503],"[ 8.26694602 10.15362204  4.45939138  6.8606486   8.33711005  6.54724348
  5.57819682]"
261,True,5.730748937211896,17.0584716016913,6.820809566686246,[20.6324486  21.32907914  9.21388706],"[7.93157881 7.13749346 5.73074894 6.78714136 6.32151188 7.48958512
 6.3476074 ]"
262,True,7.214863767115293,23.04610426798493,9.489478938946664,[22.768373   20.85333908 25.51660073],"[10.94605801  7.21486377  9.28359588  9.99064429  8.79231654 10.13795221
 10.06092187]"
263,True,3.8208808512187433,10.493823302759184,5.278280715525089,[20.78548849  7.6433092   6.51661816  7.02987737],[ 4.61653221 10.34024484  4.1559753   4.91014397  3.82088085  3.82590712]
264,True,6.740218337830381,18.29936727501438,8.733744520025533,[ 9.45366767 26.1850441   9.43454389 28.12421344],[ 7.94634609  8.13726773 11.99240396  8.87664806  8.70958295  6.74021834]
265,True,5.965877096889724,8.959983800038719,11.11995583500536,[ 7.59110685  9.78085032 10.35555326  7.86992255  8.46884078  9.69362904],[ 8.2175503  22.06113268  8.23526326  5.9658771 ]
266,True,2.309733431339568,26.568337095838757,3.6999067154951066,[26.5683371],"[3.91384153 2.30973343 2.95828512 5.18793922 3.5738059  5.05546265
 2.7494732  4.47948222 3.07113718]"
267,True,8.081292596788582,18.28509254735284,9.782149452293131,[21.18802529 20.26213308 19.7102355  11.97997632],[13.4801609  10.66725051  8.81656085  8.57541191  9.07221996  8.0812926 ]
268,True,6.732666062573784,18.874480743189785,7.9099446486499785,[17.32166945  9.11367979 26.18415456 22.87841918],[6.74574513 6.73266606 9.31168809 7.51414764 9.92492948 7.23049149]
269,True,4.064620691994772,22.497627150143536,5.954297176921375,[20.23342176 24.76183254],"[8.68505673 4.06462069 8.6752834  4.39713097 5.64046402 5.16344002
 6.07828667 4.93009491]"
270,True,5.017768882882574,12.878344019533603,6.448704773934018,[17.4593879  19.16498308  8.18808542  6.70091967],[9.60918849 6.08644235 5.5122869  6.15525193 6.3112901  5.01776888]
271,True,2.8993973885756006,10.336166980987885,4.87651722812351,[ 4.7628441  20.90585257  5.33980427],"[6.87916217 4.83644732 5.39385441 4.23356243 5.85850018 2.89939739
 4.0346967 ]"
272,True,5.15553292046906,19.095383193900684,6.147486023413829,[26.03788858 20.7197767  10.5284843 ],"[5.97986841 6.44210915 6.20200044 6.36873752 5.15553292 6.8946846
 5.98946911]"
273,True,6.7392265455514355,13.263249021552582,7.237496215206406,[20.46493902  7.17898361  8.8577407  22.49618527  7.31839652],[6.80932247 7.68837955 6.73922655 7.51299526 7.43755725]
274,True,2.901261743131897,11.175843408694055,4.184532077566933,[ 6.42217618 15.92951063],"[2.96030817 5.10821646 4.96961745 4.29326814 4.30969681 4.81976196
 2.90126174 4.11412589]"
275,True,8.460833099061265,18.408686916888673,9.38108963543334,[19.33463584 12.51929908 24.40939556 18.09241372 20.75454104 15.34183626],[ 8.4608331  10.02661416  9.69491381  9.34199747]
276,True,3.8627949619599704,14.027247557133398,5.0556243689207525,[ 8.08453037 17.88608613 16.11112618],"[6.88725321 4.76823768 5.60844399 4.19401543 5.71460826 4.35401705
 3.86279496]"
277,True,5.028961383067216,13.010766503253393,5.8244610094230165,[18.83147524 11.68750089  8.51332338],"[6.49134658 5.5157549  5.80920957 5.02896138 6.75264426 5.47291395
 5.70039642]"
278,True,4.259902619457525,18.455262271814384,6.201845260791626,[16.97570403 19.93482051],"[4.6138738  6.0585127  5.7313769  4.25990262 6.49787971 6.50631925
 8.37599452 7.5709026 ]"
279,False,3.6555669350615148,6.384227743741971,5.10779539574735,[6.28488324 6.73230828 4.73385955 7.7858599 ],[8.3640006  4.46119426 5.7457541  4.30910194 3.65556694 4.11115454]
280,True,9.791540731955212,22.160595608190132,11.538111939939453,[20.94870137 20.09218424 22.06870639 25.65702891 22.03635713],[11.60554477  9.79154073 13.10184976 10.61624332 12.57538112]
281,True,6.014541666930111,14.867121923719216,6.61133869136668,[23.62005363  6.9204921  14.06082005],"[6.08368229 7.44369939 6.58628105 7.20951599 6.49856108 6.01454167
 6.44308938]"
282,True,4.921353800978292,10.572123004565913,7.0634623327743284,[ 8.24519011  7.36318572  6.47433166 20.20578454],[ 7.32998542  5.91205039 11.67000911  5.8117481   4.9213538   6.73562717]
283,True,8.929051667319833,25.762128755297798,12.358948335861212,[26.86781804 26.28370968 24.13485855],"[11.20675032 11.35593194  9.37490562 22.94405029 11.88128317  8.92905167
 10.82066534]"
284,False,3.176142125657087,4.464976217153411,3.9457957673480277,[5.10725623 3.61383917 4.67383326],"[3.4766592  3.7820394  4.7431922  3.17614213 4.3755983  3.40094968
 4.66598947]"
285,True,5.875039200240934,18.68375456289189,6.959072659759698,[19.38774432 18.78797958 17.87553979],"[7.98159671 6.92829081 7.06980274 7.27281082 6.87845114 6.70751719
 5.8750392 ]"
286,True,3.7633588577703785,6.61146807253997,8.034915615854464,[5.24005087 7.43933849 7.24582177 6.52066116],[ 3.76335886  3.92275412  5.87952106  6.99794545 21.86376387  5.78215032]
287,False,5.128212075516643,6.192443833909964,5.738875559828581,[6.35335439 6.37844639 5.87630101 6.16167355],[6.51804784 5.44330503 6.31674479 5.19847125 5.82847237 5.12821208]
288,True,6.46064447227803,13.151546460890703,7.2636729274315,[19.84910486  9.53674382 20.50994879  7.68973841  8.17219643],[7.29386568 6.46064447 7.71188418 6.66399079 8.18797951]
289,False,5.133881898899627,6.583100264971186,6.03888002390381,[6.9276197  5.79516718 6.13334724 7.04949906 7.00986815],[6.83044766 5.91245547 6.03424317 6.28337193 5.1338819 ]
290,True,6.874392008069442,16.918316366317107,8.599095743549583,[18.9604244  20.6116591   9.7214783  18.37970367],[9.97871975 8.21800775 9.68757584 6.87439201 8.00036876 8.83551035]
291,False,3.212082270254644,5.679246004869349,4.531082941924678,[3.77439986 6.99840638 5.92904176 6.01513603],[4.21750393 4.52057848 5.36173447 3.21208227 4.59140674 5.28319176]
292,True,3.3037614179815904,19.628150628784823,4.967766959638588,[16.60788331 22.64841795],"[4.48925757 5.46654908 3.30376142 4.69049951 7.39131128 4.75384232
 4.46550472 5.18140979]"
293,True,5.030631948037865,15.050231996572606,7.965370797153793,[24.62033297  8.88411047  8.11899146 18.57749309],[13.725243    6.7819219   5.03063195  9.31270718  6.55337744  6.38834331]
294,True,4.623344767180328,9.881624417660957,5.699456938893827,[14.15110804 10.58564338  5.88521292  8.90453333],[4.62334477 6.98872695 5.67315986 5.62645514 4.73019171 6.55486321]
295,True,3.372677695542457,24.49534808074317,5.0586040277029465,[21.56284506 27.4278511 ],"[5.66609961 3.3726777  5.87385223 4.23828226 3.59897671 5.04393854
 6.45797436 6.21703081]"
296,True,3.178872297515653,14.27127110346444,4.290303222044291,[ 6.44609757 22.09644464],"[3.68949314 4.08432241 3.45186328 4.28006831 8.23474872 3.83008987
 3.57296774 3.1788723 ]"
297,True,5.7136041506944935,16.855853253707025,6.755976582403798,[18.43047567 18.34972615 13.97359245 16.66961874],[7.21222665 5.71360415 7.21444853 6.616968   6.40049526 7.37811691]
298,True,2.925741952715704,8.135229187308315,4.217489248757112,[17.14140132  5.73268719  5.84939314  3.8174351 ],[4.11626217 2.92574195 4.09791637 5.20542348 4.40514834 4.55444318]
299,True,5.93268122548832,9.3336575012204,7.059843187020843,[ 7.28222875 17.92984839  7.60977412  7.58155612  6.26488012],[5.93268123 6.92737321 6.26192088 8.95289464 7.22434598]
300,True,3.9277958958774875,19.20454804946123,4.748016967213559,[18.62201153 19.78708457],"[4.95482057 4.97353423 4.77458064 4.07996057 5.80944983 4.56829413
 4.89569988 3.9277959 ]"
301,True,4.260848200749521,12.169331059797761,5.829369408473214,[19.92432358  7.70224654  8.88142306],"[7.01775697 5.37396283 5.40728074 5.64584323 6.04263257 4.2608482
 7.05726132]"
302,True,7.688696971124795,22.50262964155061,9.260263519226024,[24.45182281 18.15581514 22.35049832 25.0523823 ],[ 9.81261557  9.76570596 10.39599095  8.87981473  9.01875694  7.68869697]
303,True,4.197135806830584,11.058800757872389,5.590713402193359,[ 6.45663649 18.05794036  7.57100456  5.65866192 17.54976046],[6.62066831 5.06406161 5.40465994 6.66704134 4.19713581]
304,True,4.18522250037968,9.877399731538224,5.432563031829166,[18.0672039   5.83550528  5.72949002],"[4.1852225  5.61990644 6.13267593 5.3046721  5.63375607 5.09157085
 6.06013734]"
305,True,5.9638493823842715,14.091193854717806,7.1868866899218435,[ 7.33931231  7.7269098  17.45830792 18.65581833 19.27562091],[7.51684162 8.11029595 7.28531353 7.05813296 5.96384938]
306,True,3.2670515747881375,11.103641014756684,4.646501376680153,[16.61308142 15.959814    5.95276396  5.88890467],[3.26705157 4.97508554 6.41382913 4.73304744 3.60881065 4.88118393]
307,False,2.898120106688566,4.894387060002204,4.756973192206704,[4.89003758 4.89873654],"[5.85033885 3.79731163 3.1507028  6.20568729 5.41541971 2.89812011
 5.31646744 5.42173772]"
308,True,6.58563841440262,18.7898596031527,8.481649471186202,[14.41485284 17.65432765 16.75394225 26.33631567],[ 9.15267222  6.58563841  8.37802085 10.11926582  7.36584051  9.28845902]
309,True,3.4461606917484744,8.454562580955946,5.495693671908734,[16.04657915  5.01096258  4.30614602],"[6.35358622 5.4136283  5.34800185 6.74781245 5.67754532 3.44616069
 5.48312086]"
310,True,3.316299178484372,15.478242165794372,6.252585691006317,[ 7.82314462 23.13333971],"[ 5.79887795 16.05018165  3.31629918  5.91554778  4.27736169  3.55519504
  5.70698241  5.40023984]"
311,True,5.711608632287561,17.145549457310093,7.533832704744597,[18.04105103 14.84498222 16.1787026  19.51746198],[8.13961652 7.63781554 5.71160863 7.00675147 8.03989767 8.6673064 ]
312,True,4.324589033316119,12.788291881658745,6.091645265793441,[19.22921277  5.20859769 17.85851631  8.85684075],[5.04070648 6.17731145 7.41488482 6.92306155 6.66931826 4.32458903]
313,False,3.213001287931476,5.287367714589934,4.641527071230162,[5.28736771],"[6.5162186  5.88563157 3.21300129 4.91478857 3.22411377 4.7702293
 4.94508422 4.53176098 3.77291535]"
314,True,6.110220281150617,15.512690677576776,6.814453980406626,[18.44031616 17.74358599 18.89578729  6.97107327],[6.77649568 8.22016665 7.04134262 6.2134918  6.52500684 6.11022028]
315,True,7.265074387218181,16.92042022268571,8.763948781076138,[20.15664708 17.43579166 12.03301433 18.05622781],[ 8.30276209  7.92723759  9.81026275 10.06410913  9.21424675  7.26507439]
316,True,2.438919018567586,12.194164218401326,3.8880661294878673,[16.90209682  3.85237126 15.82802458],"[3.31362972 5.17314024 2.43891902 3.58848522 4.35427959 3.43647149
 4.91153763]"
317,False,2.6117975746807867,5.8228714288693215,4.294871738587582,[5.82154441 3.57405829 7.07734886 6.81853416],[3.0640432  3.60699653 6.30517443 2.61179757 5.81281214 4.36840657]
318,True,5.751746260793027,11.989395540129683,7.663319577725962,[ 9.22623956 11.59470136 15.1472457 ],"[ 5.75174626  6.29342549  8.36731512  8.07635036  7.66431607  6.67448459
 10.81559916]"
319,False,2.3781060769617,5.26389260111115,3.665025177319516,[6.9831806  5.35090678 3.96976552 4.75171751],[2.37810608 3.45535544 4.0885431  3.21017832 4.0395246  4.81844352]
320,True,2.2855232227395783,14.478507573462709,3.8001142221487116,[ 7.25570394 21.70131121],"[3.89655138 5.50177575 3.97387556 4.07001248 3.05074631 2.28552322
 4.18235725 3.44007182]"
321,False,4.339031723321487,6.383567969785045,5.699591515060797,[4.90301087 7.31179581 7.15335857 6.71921416 5.83046044],[6.18623323 5.41352203 4.33903172 6.13985273 6.41931786]
322,True,5.618637558513438,11.3790151853128,6.2420532732287715,[ 5.76553391  8.53298166 19.83852999],"[6.31215487 6.62213842 7.21246957 5.83334475 5.61863756 6.20220812
 5.89341962]"
323,True,2.176985863198123,11.079810150799736,3.278176968616114,[14.65793929  5.31715902 13.26433215],"[4.54502892 2.84993508 2.5000228  3.22763001 3.45278212 4.19485398
 2.17698586]"
324,False,3.0999068761157895,5.9348260631192185,4.507039781199407,[5.93445542 6.95703505 5.8310174  5.01679638],[5.5453403  4.1909236  3.34307225 3.09990688 3.95165857 6.91133708]
325,True,3.1131545588838563,10.665404857311275,4.768355409820193,[ 8.4837821  17.6585092   5.85392327],"[3.11315456 5.99006508 5.80158172 5.78836805 4.95335671 3.7531201
 3.97884164]"
326,True,3.1612517163709484,9.6982461663446,4.982338415149789,[ 6.61097452 20.64375503  5.4578657   6.08038942],[3.16125172 7.84603127 5.4013762  5.55417926 3.46757554 4.4636165 ]
327,False,2.404319856843572,4.054695600448109,3.4597758686000013,[4.11283781 3.00267215 6.06092906 3.24096464 5.07123617 2.83953377],[4.18058456 4.54558137 2.40431986 2.70861768]
328,True,3.2779190519333277,11.93839691321256,4.493299600733054,[20.0386442   6.43414714 15.78479463  5.49600168],[5.22032753 3.27791905 5.19657947 3.82438916 4.32930549 5.11127689]
329,False,3.989924539570481,7.468716545510881,4.980499233829221,[ 5.82957594 12.02484814  6.18270459  5.83773752],[7.86160098 4.48562942 3.98992454 4.50040561 4.5617133  4.48372155]
330,True,5.588711840049477,20.09391229014753,7.229150113504991,[18.25529949 19.71554964 22.31088773],"[6.97599002 6.74522892 5.58871184 6.75028226 7.13373319 9.45784057
 7.95226401]"
331,True,3.8114977475466283,14.083486765248708,5.510611757588575,[21.68048253  7.36617857  7.74722856 19.54005741],[3.81149775 7.14238678 5.21141725 5.87628817 6.17663818 4.84544241]
332,True,4.51561568048794,10.936692230294033,5.649212605443964,[ 9.36439441 14.2252546   9.22042768],"[6.81402766 5.08532747 4.69078285 5.65974478 4.77253539 8.0064544
 4.51561568]"
333,True,5.598567774025547,13.179152779682223,6.844708108140697,[15.73202026 14.88422559  6.94485602 15.15550924],[7.70958571 5.59856777 7.31103297 6.54028395 6.59469541 7.31408285]
334,True,9.285601678344225,21.034990650300806,10.297998840809239,[19.05774604 19.88244943 16.91425617 17.56068206 31.75981956],[ 9.77612159 11.32711726  9.84204134  9.28560168 11.25911233]
335,True,3.7504834465391674,20.43969416022633,5.072626852258813,[20.51529653 20.36409179],"[5.20145405 4.17012113 5.12422311 4.98526152 5.56254341 3.75048345
 5.70985704 6.07707111]"
336,True,5.060516030400414,10.59507840638535,5.647023692148452,[15.58654404  7.76996622  7.38139319  7.47826191 18.6411732   6.71313188],[5.52416788 5.57860857 6.42480229 5.06051603]
337,True,3.144642435760563,11.823016370558166,4.592402826089842,[ 5.75528431 17.89074843],"[4.42143569 6.36964052 3.14464244 3.80776983 5.26591425 4.31691719
 4.45968232 4.95322038]"
338,True,4.22213907574675,14.420111240344042,5.265862724726925,[14.95877815  8.19692344 20.10463213],"[6.35839057 5.10728605 4.22213908 6.12024782 4.87671421 5.62749922
 4.54876212]"
339,True,2.0360677435376573,7.245332569264655,2.8800188326713005,[ 4.34777973  3.17798238 15.39555616  6.06001201],[2.91190045 2.03606774 2.07511234 3.23604837 3.69346406 3.32752004]
340,True,3.463919312883288,16.687909134362933,5.319800089139896,[15.37333276 18.0024855 ],"[3.46391931 5.85657641 5.25845484 4.56778516 5.92051818 5.83740696
 5.09599786 6.55774199]"
341,True,2.627206301799955,11.533444111023826,5.470354195124583,[17.19484976  5.87203846],"[16.45791252  3.7724559   3.71959213  4.35124671  2.6272063   5.27929318
  4.0910196   3.46410722]"
342,True,3.2479108836995643,12.143911046488103,4.158088829927482,[ 3.43728758 20.85053452],"[3.24791088 3.66099615 5.31642679 4.5797226  4.3770747  4.82147896
 3.59799877 3.66310179]"
343,False,1.832421251857391,3.5009053919212256,2.9642708628196144,[2.75152272 2.90999749 3.67255143 4.66954993],[2.44708291 4.84552227 2.40717847 3.1845347  3.06888558 1.83242125]
344,True,2.7379668867618934,12.04259650836391,3.8970178597996625,[ 4.85647748 19.22871554],"[2.73796689 4.08283819 4.13538406 3.49705046 5.15649377 4.39949011
 3.68831525 3.47860414]"
345,True,3.267391592249158,8.043226451976274,4.51191873359854,[ 7.37973389 15.42466186  4.8561962   4.51231386],[5.07937396 5.27894866 4.09505496 3.57939733 5.7713459  3.26739159]
346,True,3.80719753463001,8.650641371576597,4.827229725994067,[ 5.54479304 17.5892177   4.65911283  6.80944191],[5.6081965  4.18542411 6.81144391 4.1300153  4.42110101 3.80719753]
347,True,5.988205770583406,7.589203725012707,11.815621106121094,[7.09457777 6.44021195 9.0375399  7.78448528],[ 8.48376342 15.45703053  5.98820577  6.40659601 18.54735884 16.01077206]
348,True,3.5586821462994607,8.887237109010222,5.327774091513602,[ 5.76293349 18.1671232   5.36613458  6.25275717],[4.617201   3.55868215 4.95928285 7.09383484 5.02724164 6.71040207]
349,True,3.3059682697595862,13.420503849261474,4.778779189927576,[ 8.62331874 16.72517216 14.91302064],"[6.31545909 4.72215342 3.30596827 4.73611965 7.03632689 3.54156071
 3.79386631]"
350,True,4.727136585887141,14.965512997764879,6.080436226885496,[ 7.84323428 16.91937554 15.39963467 19.6998075 ],[6.70639733 7.12074895 5.52123042 4.72713659 5.89651042 6.51059365]
351,True,3.217160433641478,10.010653693850202,4.955578620304613,[ 8.67407748  7.03306849 18.61316939  5.72229942],[5.03189825 6.33817931 5.43377327 3.21716043 3.42347428 6.28898618]
352,True,3.9755052247130678,12.757856897115332,5.046107117837069,[15.05764334 10.45807046],"[3.97550522 5.92977364 4.39417331 6.37226338 4.93444531 4.57360215
 6.16848378 4.02061015]"
353,True,2.6150257104106602,8.087711197290986,3.7831577710312847,[ 4.08988731  9.5163971  13.49595289  5.24860749],[4.73113327 3.58390992 3.56886489 2.61502571 3.51184308 4.68816977]
354,True,3.6376898263508437,7.132529023625733,5.387122306614417,[ 5.40153168  6.27393213 14.37724285  3.89203731  5.71790115],[4.4191365  7.6028712  3.63768983 4.59880271 6.67711129]
355,True,5.148801334695616,16.28907000759361,6.560616393122847,[17.9294963  16.62737947 14.31033425],"[6.03725671 5.14880133 5.92465735 8.61864783 7.39907845 5.48676377
 7.30910931]"
356,True,3.060314984008734,18.748617413011353,3.7414262685101383,[16.28235167 21.21488316],"[3.15969853 3.06031498 3.89554818 5.17424356 3.88182761 4.03908453
 3.22840752 3.49228524]"
357,True,3.197896036776517,14.64467116885983,4.3620107482396895,[ 8.23117374 17.12788637 18.5749534 ],"[3.38067299 3.19789604 4.93492354 4.86822866 5.82567455 5.12006499
 3.20661446]"
358,True,2.7843904273546976,12.536586711975119,3.999499509353996,[ 6.02584239 15.58751574 15.996402  ],"[3.27444314 4.79952293 4.07104813 4.54467035 3.85475122 2.78439043
 4.66767038]"
359,True,3.309397736108231,12.321278505493638,4.767285850918914,[17.06467595  7.74933313 12.14982644],"[3.30939774 4.43042891 4.15618328 4.70384441 5.24261949 6.74824768
 4.78027945]"
360,True,2.454556178108505,7.688554225610638,4.399780004615907,[ 4.38744316  4.02305063 14.65516889],"[9.28562728 2.45455618 2.49261856 4.2621077  4.13634173 3.84594088
 4.32126771]"
361,True,3.347466928552649,15.71889602676589,4.332511793233353,[12.77475881 18.66303325],"[4.36454691 4.89531693 4.5982174  3.39923048 4.43970069 3.34746693
 3.54926274 6.06635227]"
362,True,4.0228421890062265,13.755860291326266,5.093225773137162,[16.75646097 18.6554106   5.85570931],"[4.02284219 4.42971497 5.00374535 6.11762794 5.01153279 5.65985173
 5.40726544]"
363,True,1.9590875061841528,8.706556831257048,3.0777720493463154,[ 4.32102783  5.13618397 16.66245869],"[4.07318225 4.36374133 2.73004311 2.63677356 2.05555565 3.72602093
 1.95908751]"
364,True,3.161885525193238,9.884796590423838,4.339907393388902,[ 4.92328446 14.59912742  4.60090265 15.41587184],[3.83738167 6.34477106 5.35834975 3.88553935 3.451517   3.16188553]
365,True,8.718834678539984,16.648723807618946,10.103476055509717,[16.19030287 17.9325985  16.13016624 14.33333905 18.65721238],[10.18880196  9.62065431  8.71883468 13.20177869  8.78731064]
366,False,2.1916220534074577,3.2215791719333478,3.5610198611162027,[2.9478696  2.80938018 3.13044285 3.99862406],[3.27537987 4.26708425 2.19162205 3.95827762 3.66522144 4.00853392]
367,True,3.387815571732478,9.412499486469027,4.604446308731822,[ 6.67456404 13.89186195  5.46604772 16.63593852  4.39408519],[5.00699362 5.93941639 4.57558976 3.38781557 4.1124162 ]
368,False,2.573784917685101,5.800233165026495,3.0857850885072753,[4.28755884 4.61920351 8.49393714],"[3.16113949 2.8507314  3.56802184 4.11453161 2.57378492 2.59986089
 2.73242549]"
369,True,3.6594416825563734,13.119192972644885,4.468590472539106,[14.81591495 16.88253368 16.28628869  4.49203457],[4.27383949 3.65944168 5.52002202 3.70277482 5.00495236 4.65051245]
370,True,2.210936572859426,9.050800300861878,3.6657106180141845,[ 4.21742834 13.88417227],"[2.41430265 3.56246829 2.21093657 6.83894044 3.20861615 4.06199741
 3.06864793 3.9597755 ]"
371,False,2.811652357338236,3.968067522711107,3.8289551276945746,[3.47459233 2.82397926 5.14718526 4.47485397 3.9197268 ],[3.80088191 2.81165236 3.74573627 3.85377737 4.93272774]
372,True,3.034632684685615,7.270949087248029,4.444754903741906,[14.92260697  3.63286095  4.74023033  5.7880981 ],[4.54693888 4.76345423 5.56680284 4.70642304 3.03463268 4.05027775]
373,False,2.6898677952095733,7.70096664870601,4.333012423024841,[13.30096656  4.87354362  4.92838976],"[3.50748315 5.76558937 2.6898678  5.47953119 4.54133438 4.20196896
 4.14531211]"
374,False,3.1159796166042,6.285681028574705,3.7512348215687332,[4.72627596 7.08494099 6.88134147 6.4501657 ],[3.70102827 3.98034383 3.21320928 4.78056692 3.71628102 3.11597962]
375,True,2.1437603802688745,13.67570004484893,3.224693073172299,[15.7044138  11.64698629],"[2.91095286 2.14376038 3.29078539 4.48142678 3.47286707 2.71504951
 3.69678938 3.08591322]"
376,True,3.7093002675817104,16.320609925087375,4.999139170205874,[18.82166422 13.81955563],"[4.65352709 4.47779289 4.13030732 5.47608358 7.31576194 4.51382643
 5.71651383 3.70930027]"
377,True,2.1502737789520605,12.09151454483858,3.5712614029116847,[17.14443443  3.82308168 15.30702752],"[3.86292737 2.15027378 2.46228558 4.4185494  4.58597368 3.59382756
 3.92499246]"
378,True,3.8290533132837794,8.244592335305512,4.351014910192877,[ 3.98392727 12.71509562  4.46583214  4.77179655 15.28631009],[4.172963   4.8675841  4.32604653 4.5594276  3.82905331]
379,True,3.2890740602536397,9.010581939066098,4.173773615332393,[ 5.38264788  5.06513893 16.58395901],"[3.99972346 4.42044354 4.42612286 3.75586266 3.28907406 5.19157889
 4.13360984]"
380,True,3.1969565947249023,10.172931963862586,4.463221385673126,[ 4.58850587 13.6581538  12.27213621],"[3.19695659 3.37048304 3.78622964 4.39497549 3.7683288  8.84703134
 3.87854479]"
381,True,4.149450022704851,10.835322374095938,4.862040412304541,[15.24911209  6.42153266],"[5.07318107 6.17027268 4.14945002 4.46382945 5.16275756 5.08151248
 4.22779665 4.56752339]"
382,True,2.537247196552266,7.482101922361508,3.5610239330161533,[ 4.18008322 15.24895982  3.01726272],"[2.64020733 5.07366121 2.94530034 2.85512551 3.56731698 5.30830897
 2.5372472 ]"
383,True,2.0928994295418644,6.850699334404251,2.6446775542684713,[ 2.37740103  3.33963523  3.81041551 17.87534557],[3.55648843 2.09289943 2.36966181 2.31132229 3.41504085 2.12265252]
384,True,2.8034750570092193,9.590241229216046,3.756992251633816,[14.58966498  4.59081748],"[4.32277123 4.1182336  2.96876833 3.81559568 3.04521614 3.04222163
 5.93965635 2.80347506]"
385,True,2.580770108358867,8.063266550050361,4.199564545508883,[ 5.22410888 14.47742537  4.4882654 ],"[8.07146861 3.62076721 2.79879713 4.1227571  3.16295415 5.03943751
 2.58077011]"
386,True,2.0905782244739246,5.804909974872729,3.106017794330948,[16.30436497  3.82032429  3.39490808  3.37538754  4.11519419  3.81928077],[2.09057822 3.42006946 2.95364288 3.95978061]
387,True,4.431807052491735,17.171945967621678,6.170303097931588,[16.84963025 18.40331984 16.26288781],"[6.39270461 5.54170305 4.44439964 8.83387844 6.59129149 4.43180705
 6.95633741]"
388,False,3.014417146308098,10.532379084045518,3.42360161042354,[ 5.61608854  4.00992275 21.97112597],"[3.49501628 3.08008813 3.01441715 3.06696025 3.04059552 3.84744076
 4.42069318]"
389,True,2.9054968602441207,6.277348391031319,3.764776177189467,[ 3.33432992 13.18215309  5.25950308  5.43598236  4.1747735 ],[3.40860356 2.90549686 4.90212249 4.45002701 3.15763097]
390,True,2.5643801693005877,9.868988037601921,2.972219620576066,[15.19927278  4.5387033 ],"[2.71260328 3.10751795 3.02833381 2.64864877 3.87441151 2.56438017
 2.68838674 3.15347473]"
391,True,4.3062088704882315,10.766182451821624,5.195490567412222,[13.87315307  5.02937643 14.72550099 13.27515615  6.92772562],[4.53239592 5.90956549 5.46203957 4.30620887 5.76724299]
392,True,4.582045870747475,11.114113101153826,5.996777110566618,[18.66794036  5.21492903  5.21126253 15.36232048],[5.66733942 4.79163775 4.58204587 6.57031642 5.27277506 9.09654814]
393,True,3.0394484905473433,10.734064891622758,4.689159536477762,[16.70327639  4.7648534 ],"[3.87724937 4.68114091 7.72130835 3.39052271 5.35698836 4.60714514
 3.03944849 4.83947296]"
394,True,2.6735173947757254,6.462348956605722,3.7414195554667433,[ 3.34807792  4.35355947 13.6305441   4.51721433],[3.51532715 4.01740746 2.67351739 3.8931837  5.2932521  3.05582952]
395,True,3.5279305007448727,8.97792125243862,4.615142379413516,[ 4.81279329  4.30785275 12.91821876 13.8728202 ],[3.98635332 4.23461359 5.1082077  4.26127183 6.57247733 3.5279305 ]
396,False,1.484657514467016,2.9307854760266054,2.107215726091148,[3.1698473  2.96399511 3.63262005 1.95667946],[2.28970105 1.66735362 1.82462348 1.8663594  1.48465751 3.5105993 ]
397,True,3.7804550738277527,13.522261429943214,4.355724840833118,[13.48711666 11.95461377 15.12505386],"[4.36920319 4.10436022 4.69503942 4.03710561 3.78045507 5.04748078
 4.45642959]"
398,False,2.8943312873565326,3.566711591849505,3.56698614875,[3.20257534 3.98601482 3.20870104 3.95276403 3.48350272],[3.03129187 3.99958958 2.89433129 4.46549043 3.44422758]
399,True,3.5413275095333816,7.609131307369636,5.151576441450404,[ 4.5079318  13.72007426  4.59938787],"[3.54132751 4.4533289  7.0703355  6.14485031 4.72440913 4.71534667
 5.41143707]"
400,True,5.863342112296316,11.476572699306509,7.879819439472224,[16.48285626 14.92724102  7.39389096  7.10230255],[10.08084451  6.45740658  7.75156839  7.26954554  9.85620951  5.86334211]
401,True,4.7514372235680185,10.44447017064681,5.145452125109432,[18.31583286  5.5976189   6.93460992 15.00646799  6.36782118],[5.66336632 4.86170948 4.75143722 5.68004164 4.77070596]
402,True,2.7278447398817036,31.044700519179674,4.011750225456068,[ 8.3957837  17.57033688 67.16798098],"[4.51500142 3.8087079  4.02925016 3.86154536 5.13641081 4.00349118
 2.72784474]"
403,False,3.4061007825268064,4.479063240716843,4.591990523012182,[3.68273516 4.16693609 3.8340811  5.38773258 3.78510434 6.01779018],[3.40610078 5.82252072 5.1101947  4.02914589]
404,False,3.036003881645623,4.255209051677192,4.328951729788768,[3.8358785  5.11043373 3.55026814 4.52425583],[3.73435408 5.71728256 3.03600388 4.5785193  4.16426261 4.74328794]
405,True,1.7909802713002705,16.150198768908353,3.098893747414152,[16.15019877],"[4.23621731 2.80278667 2.97379983 1.79098027 3.95608716 2.94381662
 2.69670669 2.78354564 3.70610354]"
406,True,3.663187440421643,15.531742557556191,4.426216215669938,[14.93581096 16.07103671 15.58838001],"[5.34328305 3.91949203 4.83982374 4.19164293 3.66318744 3.99580583
 5.03027849]"
407,True,3.341820602731257,6.923763930220093,3.9350614455527055,[10.05944438  4.66434852  6.04749889],"[3.3418206  4.83898356 4.02712783 3.60944259 4.16730436 3.42434862
 4.13640254]"
408,True,2.8285644878002962,6.956724039183821,3.5393892429791722,[ 3.11994572  7.98034813  4.69997307 12.02662923],[3.56842769 3.81889059 4.13197733 2.82856449 3.28771849 3.60075687]
409,True,3.1648889585918205,5.345184362569922,5.7705445492853915,[4.97090342 5.18122725 5.08309706 4.16129198 7.3294021 ],[11.03575057  5.79159413  3.16488896  4.07128046  4.78920863]
410,True,2.124496710974687,13.630890511022201,3.5170160552715863,[13.33909335 13.92268768],"[2.12449671 3.35365597 2.93230278 3.69687333 4.34842303 4.31388038
 2.87434088 4.49215535]"
411,True,3.2322079782013695,7.73712343756153,4.31201047580833,[ 3.74267948  4.32669763 17.72391752  5.15519912],[4.78157179 4.15251975 4.30205071 5.35251536 4.05119727 3.23220798]
412,True,4.040546517508024,10.506208189205525,5.656029677444205,[11.47479625 14.70034405  8.9336824   6.91601006],[6.43392572 4.04054652 4.61516231 5.69238141 7.92218691 5.2319752 ]
413,True,2.4079755333820394,6.861443642912787,2.965741740587138,[12.61389651  6.16668708  4.92900405  3.73618693],[2.58263974 3.82999022 2.40797553 3.67634461 2.49759983 2.79990051]
414,True,2.418122415850571,9.04234362128473,3.1289142529648903,[13.53250375 13.17267487  3.77788478  5.68631108],[2.89901917 4.56906413 2.57854703 2.70361072 3.60512204 2.41812242]
415,True,2.7396560926677447,7.651191277819305,3.9609123657154472,[ 5.11027759  4.44198823 15.22485326  5.82764604],[4.98698854 3.63344672 5.34190848 3.07114685 3.99232751 2.73965609]
416,True,2.9508239765690663,13.187408766683689,4.43236196559365,[11.28160536 15.09321217],"[2.95082398 5.75236577 5.63322818 4.62153731 4.07770289 3.22959652
 4.53117499 4.66246609]"
417,True,1.4727577709820299,7.730473882145651,2.128119571424864,[13.18394971  2.64787999  2.34468692 12.74537892],[2.16101033 2.12036924 1.47275777 1.75361052 2.05404908 3.20692049]
418,True,5.052823050913426,14.792045950453929,6.00911862832406,[14.12809083 14.41005452 16.57393867 14.05609977],[5.34984974 5.05282305 6.30834936 6.41452614 5.99860881 6.93055466]
419,True,2.971371212958566,10.311987171219876,4.144427160051215,[ 9.60117266 11.02280168],"[3.65156961 4.17252869 5.59920836 3.8371989  4.14705382 3.75840811
 5.01807857 2.97137121]"
420,False,2.2502241687222844,3.7773147196133365,3.053748589481067,[4.89495958 3.29269863 3.14428594],"[2.99905067 2.25022417 2.37771311 4.52169148 2.28875192 3.00366272
 3.93514606]"
421,True,2.8356824525472426,10.435308012779501,3.8550922864023627,[ 5.75462668  4.7927114  15.31427119 15.87962278],[3.97108027 3.14946268 3.64243543 5.53068746 4.00120542 2.83568245]
422,True,5.69505295797126,12.186331240882208,30.59172222500543,[14.54618743 13.48053709  7.00185353 13.71674692],"[148.56125229   6.91615413   6.02593706   5.69505296  10.29995209
   6.05198482]"
423,False,2.5662957678548572,4.837425076671254,4.015370841509058,[4.85665497 5.03935147 4.37968075 5.07401311],[3.99354857 2.97037651 4.22430842 4.04857153 2.56629577 6.28912425]
424,True,2.303850208696863,9.3027524937328,3.634170360240807,[14.60231719  4.50713321 13.85404316  4.24751641],[2.73339908 2.30385021 3.3761274  4.35862575 5.4643445  3.56867522]
425,False,2.0782913889751216,12.45887696331833,2.8951107246537617,[ 3.40790068 38.30421068  4.25965826  3.86373824],[2.26401023 2.28295213 2.07829139 4.02654118 3.95756449 2.76130493]
426,True,2.5945207857808876,3.5471188799557964,5.1046940289097895,[3.59457389 3.50623851 3.75721406 3.33044906],[ 6.20350525  2.59452079  3.90791642  3.95760726 11.02074287  2.94387159]
427,True,2.7287102495385334,7.1029401775710825,4.116824920976797,[ 3.69939727  5.05813189 14.15570634  3.87188196  8.72958343],[4.67307473 5.53645662 3.64530332 2.72871025 4.00057969]
428,True,3.105074292021495,12.62551663804355,4.025564497535839,[11.72088235 13.53015092],"[3.43918893 3.10507429 5.00726921 4.40473531 4.29270594 3.93471481
 4.82769224 3.19313526]"
429,True,1.5937811801576895,7.374172083241572,2.700255737845225,[ 3.1717462  11.57659796],"[2.33061263 1.59378118 2.05545632 2.40096617 3.58980003 3.24890207
 3.40391815 2.97860935]"
430,True,2.056001792681709,15.146366950843444,3.3431334793643512,[15.14636695],"[4.85263152 3.92359941 2.05600179 3.19328283 3.42656452 3.1441861
 3.56278619 2.44588781 3.48326114]"
431,True,2.650041752586792,14.003313742308812,4.052973565560965,[12.82964228 15.17698521],"[4.09352552 2.93396303 4.5098544  6.42654522 2.65004175 5.59769501
 2.74299846 3.46916514]"
432,True,3.0616787512324564,14.832954111883566,4.523201143636818,[14.83295411],"[4.8486129  4.22675628 3.06167875 3.38092893 4.0745581  8.0207605
 4.95317339 4.45889815 3.68344329]"
433,True,2.4628022201729607,5.620773439687484,3.444319545119731,[ 4.34153181 11.30696999  3.24591721  3.58867475],[2.46532219 5.16486628 2.46280222 3.40466768 4.10343764 3.06482127]
434,True,2.147818423351966,9.445290609853705,3.155016904075806,[13.97222892  4.9183523 ],"[4.33028667 2.71863485 4.028116   3.37703484 2.7383173  3.09312067
 2.14781842 2.80680647]"
435,True,2.6393251503996,7.196433893352531,3.2338502767293513,[ 3.37551004 12.85325304  5.3605386 ],"[2.63932515 4.0016813  2.98717495 3.40974134 3.15772647 3.08998564
 3.35131708]"
436,False,3.546679928247279,5.550074545536974,4.856346932419153,[7.78342818 4.3174226  5.80799027 4.29145713],[3.9724525  3.54667993 4.67472129 8.95143642 3.99477522 3.99801624]
437,True,2.0794097672112724,10.051539037520575,3.0862712232384117,[12.28574553 13.2242374   4.64463418],"[2.8775796  3.04943138 3.28067863 3.6966934  2.18418768 4.43591809
 2.07940977]"
438,True,2.0030100760590894,4.940213152336632,2.6707058504607875,[3.15503752 8.66486777 3.00073417],"[3.45051517 2.1165382  3.06655511 2.55224191 2.00301008 2.62144876
 2.88463172]"
439,True,3.6689362456915617,9.737423314411402,4.467616248265104,[14.19776709  6.7589371   5.16209738 12.18232171 10.38599329],[4.59190123 4.70340443 3.66893625 5.29978892 4.07405041]
440,True,1.356488270824193,5.4410165006505515,2.15820686794778,[3.26905435 3.0703175  9.98367765],"[2.01616597 2.45547666 2.64869023 2.44235988 1.35648827 1.92130629
 2.26696077]"
441,True,2.802996711233739,6.919862647438928,3.535698506303142,[ 3.76799891 12.49716261  4.49442642],"[2.80299671 3.15464524 4.27347492 3.45484348 3.81980786 3.78383192
 3.46028942]"
442,True,1.968592379854047,5.116275674587868,5.878540524599358,[ 4.39014434  3.9262601  11.72033501  2.70674001  2.83789892],[17.79440029  3.1565155   3.38307864  1.96859238  3.09011581]
443,True,2.376605068545537,5.831083079443956,3.2970959350724995,[11.09645069  3.41036379  2.98643476],"[4.24644406 2.86264669 3.81029298 2.37660507 3.24741635 2.97061546
 3.56565094]"
444,True,3.9683393166463183,4.958481520177092,6.9033577840219325,[4.20494358 4.48175411 4.69430765 5.88116307 5.83127135 4.65744936],[ 6.07778139  5.31881884  3.96833932 12.24849159]
445,False,1.848121374882293,3.2741704969681864,2.44342104382071,[3.23203451 2.82292317 4.03119719 3.01052712],[2.10026882 1.84812137 2.07072202 3.12610114 2.86534011 2.6499728 ]
446,True,1.9458191740202313,12.054677842739615,2.7697031695145333,[14.25381686  9.85553882],"[3.72420852 2.08945804 3.3419206  2.88169867 3.35039009 1.94581917
 2.72202198 2.10210829]"
447,True,2.4333604138921068,6.068542010493576,3.1073644652937014,[13.05032183  4.27694226  3.24828565  3.6986183 ],[4.12116903 2.46399809 2.43336041 3.2987605  2.95588464 3.37101412]
448,True,1.667830713069943,7.743694473777937,2.753655565735484,[ 3.22023153 12.26715742],"[2.42297249 2.68395373 3.03234751 3.17616483 2.45249824 3.1198239
 3.47365312 1.66783071]"
449,True,3.569614205442317,7.781857058557188,4.664635527105705,[ 5.70547453  4.51208833 15.08681286  7.43871117  6.1661984 ],[4.87584836 4.64903693 3.56961421 5.69546662 4.53321151]
450,False,3.0692417000107355,4.4165184407298765,4.184998398055951,[4.74978757 4.3144621  4.49304687 3.67749994 3.77677451 5.48753965],[3.0692417  3.66163666 3.45032614 6.5587891 ]
451,True,2.4448744381982523,6.503619789193891,3.7138032198711035,[ 3.86719836 11.54705889  4.40711483  4.64277141  3.93276987 10.62480539],[2.44487444 4.84239774 3.74585011 3.82209059]
452,True,2.7326270489839226,6.125380220572662,3.9234346539775813,[ 4.29750043  3.18112457 10.98278405  6.04011184],[4.09557942 5.04050908 4.32040652 2.73262705 3.43360847 3.91787738]
453,True,2.5538360636999755,6.848302069090894,3.12150964744523,[ 3.04293231  8.95075553  4.02074527 11.37877516],[3.24515993 4.14817158 3.13266374 2.636799   2.55383606 3.01242756]
454,True,3.5349149999350082,10.560126934140655,4.427231572381238,[11.61694088 15.13711766  4.92632227],"[4.05086366 4.9158317  4.82720246 4.8638754  3.81305348 3.534915
 4.9848793 ]"
455,True,2.3536334837992925,7.702751004601513,3.776871633052413,[13.79194615  5.11832631  4.19798056],"[5.78996397 3.72668069 4.234725   3.70348907 3.45644545 3.17316376
 2.35363348]"
456,True,1.9931977457878176,5.430785543545039,3.7236752667247406,[12.13616596  3.36044139  3.0468082   3.17972663],[3.1046117  9.58154695 2.19059494 2.03134027 3.44075999 1.99319775]
457,True,4.833643257258274,11.123611279949063,5.478017310233251,[12.14889329  6.29116919 14.40600545 11.64837719],[4.83364326 6.11923176 5.81932886 5.30592349 5.31770252 5.47227397]
458,True,2.163781757942246,13.39026214300641,2.751831808227183,[13.39026214],"[3.05269924 2.16378176 2.22438935 2.43921963 2.2225797  4.4765649
 2.56005401 3.27870519 2.34849249]"
459,True,2.014472087790665,6.68130882407178,2.766318951980415,[ 2.92676053  3.06176393  2.95934536 12.54578599 11.91288831],[2.41399193 3.6890214  3.23689843 2.47721091 2.01447209]
460,False,2.0271319970338872,3.549627110084204,2.8042981383713217,[3.41608777 3.68316645],"[2.62077456 4.28498189 2.83735521 2.30679285 3.24243872 2.60179946
 2.51311042 2.027132  ]"
461,True,2.462879099034166,5.097416421084253,3.454942804166515,[9.4168985  3.55893323 4.48586917 3.37803805 4.64734315],[2.80538106 4.58593324 3.47734673 3.94317389 2.4628791 ]
462,True,2.3162106179273536,6.656000881544945,3.9479363054918033,[12.02629496  3.77472438  4.16698331],"[3.39935599 3.87882828 3.25907373 7.77786628 2.31621062 3.7116504
 3.29256884]"
463,True,2.340290222920988,11.613158427507585,3.067115639847878,[11.61315843],"[4.47209647 2.5499569  2.34029022 2.69847513 3.75629717 3.08874294
 3.17512814 2.40077579 3.12227801]"
464,True,3.478205135192038,8.048333753273607,4.349833948542711,[13.43128465  6.47175403  4.18968993  3.80860247 12.34033768],[3.67614783 5.62843923 4.18233846 4.78403908 3.47820514]
465,True,3.822509107443956,12.685372737928404,4.33422211645591,[12.3445314  12.80638364 12.90520318],"[4.23905776 4.49068522 4.12346797 4.58305825 4.58407001 4.4967065
 3.82250911]"
466,True,3.847106090956963,9.48093333996949,4.648602899366639,[ 4.24906903 12.55079999 16.27240524  4.8514591 ],[5.67986086 5.66799941 3.9767768  4.81640392 3.90347031 3.84710609]
467,True,1.8013164618906137,9.12091527442692,2.833451743681746,[9.12091527],"[1.80131646 2.07638601 2.33948922 2.56135771 3.80001791 3.37662029
 2.04384293 5.57626432 1.92577084]"
468,True,2.4215692486544995,9.991555671862356,3.086980232122457,[12.98352186 12.82092549  4.17021967],"[2.42156925 4.03099485 2.74714912 2.48324395 4.06462099 3.04285484
 2.81842862]"
469,False,2.3171533783272267,3.0011274248593525,2.7730501827753327,[2.93800956 2.80662543 2.70688349 3.55299121],[2.71475493 3.56575341 2.53874278 3.18064298 2.31715338 2.32125362]
470,True,5.4802762663671025,11.597062371644776,6.073331025812472,[12.61301908 10.1748243   9.46846309 10.67550103 12.90107136 13.74949536],[6.55132213 5.48027627 6.77819703 5.48352867]
471,True,1.7783580435879944,12.074361759039817,2.609508953319174,[11.15985456 12.98886896],"[3.16611154 2.21043358 2.28075878 3.81880093 2.61648234 2.72231456
 1.77835804 2.28281185]"
472,True,2.5743228373683085,8.649851727612436,3.5384452886211806,[13.49148556  3.80821789],"[2.57432284 2.66693896 3.98073419 2.95644068 3.63502312 4.71369924
 2.60057513 5.17982815]"
473,True,2.5562954152134267,13.167724325513007,3.2441166956668335,[11.98365225 14.35179641],"[2.57194633 2.81296443 3.38309074 2.8030652  2.55629542 4.76224639
 2.66906607 4.39425898]"
474,True,2.4578022135507043,8.983401788191971,3.2775146030749682,[15.23860919  4.21502237 12.16292825  4.31704735],[2.45780221 3.14159685 2.62165691 3.13640091 4.20435994 4.1032708 ]
475,True,2.7734291923931025,7.779980232091399,3.0904457028414156,[ 3.38340589  3.68850237 13.17089176 10.8771209 ],[2.77868565 3.65112192 2.77342919 2.86662483 2.90119916 3.57161346]
476,False,2.097369707281506,3.284349069809383,2.643570712587568,[3.27414198 4.28557726 2.43909997 2.2956236  4.12730254],[3.02468113 3.08040335 2.59994011 2.09736971 2.41545927]
477,True,2.32304846636059,12.36937487200882,2.9634262851346946,[12.36937487],"[3.35908649 3.15634785 2.32304847 2.45685095 3.28042813 3.48363248
 2.92292941 2.7839979  2.90451489]"
478,False,1.5939260393161856,3.573749172400162,2.1667591741624133,[4.19397715 3.12115208 3.21779581 3.76207166],[2.5013195  2.95497    1.59392604 1.66841705 2.21380528 2.06811717]
479,True,1.6232813527016692,11.150924882593529,2.3781651705461924,[12.03475919 10.26709058],"[2.14206588 1.90318374 2.61310639 1.62328135 1.64641558 2.40160943
 3.93766922 2.75798977]"
480,True,1.686902607291228,6.32925034421518,2.642374311702912,[9.41088894 4.12652497 5.45033713],"[1.84224512 2.95613904 1.68690261 3.46081192 3.36142667 2.94616555
 2.24292928]"
481,True,1.6901126009726832,3.927434256039324,2.362909943994041,[2.95223378 3.61226347 8.02289615 2.83497731 2.21480057],[1.6901126  2.917438   1.78462683 2.53305711 2.88931518]
482,True,2.687232447121799,11.330732068531853,3.3359970888046893,[11.6026243   9.80646622 12.58310568],"[3.12553812 2.68723245 4.31309825 3.05982566 3.50231677 3.70933172
 2.95463665]"
483,True,2.1026082520085723,12.49476030044353,3.454538806421722,[12.4947603],"[2.10260825 5.14878699 3.98515448 3.11874303 3.08469718 5.27939266
 2.78857398 2.8936961  2.68919659]"
484,True,2.263151106120942,7.10112621927263,3.3247777417039157,[ 3.68631064  3.80124308 13.81582495],"[4.96678467 2.87556705 4.88629982 2.61090719 2.26315111 3.01402196
 2.65671239]"
485,True,3.947836817350039,11.648226244724228,6.753449006111732,[10.36519811 14.27697708 10.30250354],"[ 3.94783682  5.28944691  4.62501437  6.09535544  5.64207168 16.44553758
  5.22888025]"
486,True,4.198229150169583,8.502732434137977,4.782618505715284,[ 9.61444319 10.30102859  4.79732123 10.4568604  11.20403662  4.64270458],[4.80238826 5.58169266 4.54816395 4.19822915]
487,True,2.8142211187837347,5.800753993562507,4.4487778860727305,[ 4.38429384  3.91366576  3.98247604 10.92258034],[3.50830628 4.34132428 4.27331563 8.82133989 2.81422112 2.93416012]
488,True,3.7133319986744695,9.230049084193736,4.403746259242877,[11.59597667  6.3319558   6.19506699 12.79719687],[4.91346768 3.713332   3.90946919 4.80813991 3.93672699 5.14134179]
489,False,1.3676324266665727,3.619911650716272,2.253283497115763,[3.46655609 3.77326721],"[1.8503157  2.66765215 1.73063521 2.44879971 1.89311864 3.54432643
 2.52378772 1.36763243]"
490,False,2.0373666776062658,4.751559532959935,3.2154125895451204,[ 2.85483218  2.62264565 10.78160853  2.74715178],[3.58426022 4.94012    2.81059297 2.03736668 3.17905418 2.74108148]
491,True,1.782678856771006,3.726919253338955,2.563968677079641,[2.42462535 3.51319922 2.35573268 6.61411977],[3.11293331 2.4022908  2.49459452 1.78267886 2.25930826 3.33200632]
492,True,2.5273484801760704,5.786948047924888,3.1097854932544635,[4.08305134 7.49084476],"[3.29803026 3.34097516 2.52734848 3.04578725 2.9779592  2.61767592
 3.29050295 3.78000474]"
493,True,2.2599992536905678,5.095963069323227,2.9222150131983313,[ 3.45324624  2.89944626 10.92973127  3.10142851],[3.21102398 2.25999925 2.53922921 3.95890387 2.37402583 3.19010793]
494,True,2.8506199021013714,4.668034207771805,5.143583139128418,[4.78498721 4.4889887  4.51765773 4.3930761  5.1554613 ],[4.75435392 4.92056191 4.61245277 2.8506199  8.57992719]
495,True,1.3999996650489264,4.789563408278907,2.2121898922217773,[ 1.80772289  3.04015935 11.34703123  2.96334017],[1.95147293 2.33775286 2.04450791 2.19530163 3.34410435 1.39999967]
496,False,1.9634266872846817,4.518304034864997,2.6128635580266777,[4.94770167 4.0889064 ],"[2.74899011 3.32809398 3.23415505 2.21606451 1.96342669 2.54078065
 2.60081407 2.2705834 ]"
497,True,2.8353141141247136,5.856308327847551,4.01421299689452,[ 3.23890127  3.83680092  3.73172955 12.61780157],[5.47177508 4.00153392 4.49839674 3.24215022 2.83531411 4.03610791]
498,True,2.880720370871029,12.598305104681813,3.955862164558682,[13.44145655 11.75515366],"[3.5409677  3.04524107 4.56137666 4.44955771 4.90389401 4.89454023
 2.88072037 3.37059957]"
499,True,1.4111286552661086,12.307578939256288,2.230484865540079,[12.30757894],"[2.55857777 1.66487832 3.18905184 1.57481096 2.00675344 2.14239184
 2.82428966 2.70248131 1.41112866]"
500,True,2.5711113936947676,7.985484825748552,3.250353363210737,[11.91296735  4.09213587  4.02025639 10.933294    8.96877052],[2.96278734 2.57111139 2.59164206 3.82854587 4.29768016]
