1,1,138,"[-0.22584598 -0.4191423   0.2584041   0.7125219   0.23181786 -0.25218144
  0.20232014 -0.06318077 -0.03961632 -0.2069148 ]"
1,0,14,"[-0.22338597 -0.42246655  0.2524134   0.7155282   0.2289114  -0.24332315
  0.20505787 -0.07066397 -0.03304527 -0.21082057]"
1,0,113,"[-0.22696209 -0.40890726  0.2604282   0.7010037   0.2319589  -0.23815767
  0.21029748 -0.06728574 -0.03400927 -0.23011325]"
1,0,153,"[-0.23064333 -0.4128179   0.2625787   0.7013928   0.21830074 -0.23338741
  0.20352688 -0.05318403 -0.0234958  -0.23403671]"
1,1,24,"[-0.2243212  -0.41782427  0.25547534  0.7089895   0.23297518 -0.25080335
  0.20432761 -0.06241643 -0.03736172 -0.21085794]"
1,0,137,"[-0.23064949 -0.38501206  0.2517097   0.71656144  0.25548396 -0.2544885
  0.199922   -0.06972592 -0.04315279 -0.24242868]"
1,0,126,"[-0.22727774 -0.41735113  0.26150995  0.7046294   0.22973195 -0.23644629
  0.21024181 -0.0701431  -0.03813777 -0.21851031]"
1,1,109,"[-0.2253422  -0.41913992  0.2618726   0.70816827  0.23435448 -0.2524893
  0.20152453 -0.06280335 -0.03905126 -0.20891124]"
1,0,6,"[-0.21522032 -0.4008792   0.24824528  0.7040229   0.23675336 -0.2516448
  0.21018867 -0.05740679 -0.03130552 -0.24452677]"
1,0,44,"[-0.22317134 -0.40619457  0.24611986  0.7405492   0.23244445 -0.26230955
  0.21371327 -0.06707329 -0.04346178 -0.23238221]"
1,0,-2,"[-0.22351761 -0.40987885  0.2542308   0.7123716   0.22865991 -0.2446585
  0.20983955 -0.06280304 -0.03843479 -0.2275341 ]"
1,0,-1,"[-0.2250695  -0.4123475   0.255873    0.7117077   0.2334776  -0.24887191
  0.20517729 -0.06406056 -0.03666864 -0.22100928]"
2,0,118,"[-0.21788765 -0.4101345   0.2663633   0.70812523  0.22310586 -0.24580105
  0.20127761 -0.06476288 -0.04027813 -0.22182757]"
2,1,159,"[-0.2279445  -0.42053273  0.25945607  0.7146684   0.23230633 -0.25316882
  0.20285265 -0.06511538 -0.03879062 -0.20561533]"
2,0,78,"[-0.22866635 -0.41161263  0.25271758  0.70017964  0.23547348 -0.24028835
  0.20586057 -0.06047242 -0.03079573 -0.22422187]"
2,0,26,"[-0.22716996 -0.40916222  0.25686142  0.7048202   0.23720105 -0.2475753
  0.20698045 -0.06326182 -0.0380311  -0.22248873]"
2,0,61,"[-0.21901274 -0.41600937  0.2518401   0.7058842   0.22928894 -0.24445342
  0.21194813 -0.06697764 -0.04325102 -0.21111858]"
2,1,87,"[-0.22578922 -0.41607118  0.2582267   0.7123905   0.23048458 -0.25382653
  0.2057578  -0.06159315 -0.03835582 -0.21310751]"
2,1,123,"[-0.22598338 -0.4164088   0.25992206  0.7167961   0.23231927 -0.2567859
  0.20202097 -0.06440824 -0.04020891 -0.20914707]"
2,1,92,"[-0.22890234 -0.41641155  0.26106852  0.71735334  0.2306076  -0.25582588
  0.2027482  -0.06471364 -0.03918938 -0.20861924]"
2,0,151,"[-0.22131352 -0.41116276  0.26113793  0.70222473  0.23139822 -0.24183093
  0.20241363 -0.06430361 -0.04162242 -0.21878079]"
2,0,193,"[-0.22078754 -0.4134163   0.25736082  0.7187909   0.22536439 -0.25520894
  0.20381524 -0.05920779 -0.03657627 -0.22193766]"
2,0,-2,"[-0.2250695  -0.4123475   0.255873    0.7117077   0.2334776  -0.24887191
  0.20517729 -0.06406056 -0.03666864 -0.22100928]"
2,0,-1,"[-0.22506508 -0.41511914  0.25855556  0.7109745   0.23116659 -0.2504987
  0.2045734  -0.06394114 -0.03913734 -0.21337157]"
3,1,34,"[-0.22581801 -0.41452274  0.25829455  0.7143152   0.23087381 -0.2538945
  0.20185827 -0.06155324 -0.03795745 -0.21355064]"
3,1,123,"[-0.2243602  -0.4165018   0.25863144  0.7147008   0.2318286  -0.2532569
  0.19901639 -0.06313349 -0.03871518 -0.21016462]"
3,0,2,"[-0.22556388 -0.41491604  0.25728795  0.7113283   0.2314078  -0.25052318
  0.20438258 -0.06390524 -0.03834961 -0.2130152 ]"
3,0,135,"[-0.22457318 -0.4150838   0.26256043  0.7199457   0.2195031  -0.2616395
  0.20858909 -0.05213545 -0.04101206 -0.21805814]"
3,0,121,"[-0.22012661 -0.41540512  0.25227293  0.71133906  0.22883315 -0.2464401
  0.20647247 -0.06412118 -0.04009888 -0.2146001 ]"
3,0,56,"[-0.226155   -0.41365403  0.2537649   0.71138495  0.23454772 -0.24833317
  0.20538363 -0.06539192 -0.03948278 -0.21394353]"
3,0,189,"[-0.22234562 -0.4049723   0.25556353  0.72551376  0.23848696 -0.26090345
  0.19840196 -0.068051   -0.04443625 -0.21916819]"
3,0,132,"[-0.23037732 -0.41046733  0.26460958  0.7144707   0.22459511 -0.24792656
  0.20139426 -0.06212265 -0.03786772 -0.21821195]"
3,0,68,"[-0.2286368  -0.41565254  0.25572425  0.7111059   0.23031224 -0.25114477
  0.20512299 -0.06265494 -0.0313399  -0.21472725]"
3,0,128,"[-0.22657329 -0.41718972  0.2590529   0.7111918   0.22290479 -0.25376758
  0.2128488  -0.05923471 -0.04073972 -0.21039031]"
3,0,-2,"[-0.22506508 -0.41511914  0.25855556  0.7109745   0.23116659 -0.2504987
  0.2045734  -0.06394114 -0.03913734 -0.21337157]"
3,0,-1,"[-0.22551516 -0.4137581   0.25841096  0.71537167  0.2295392  -0.2538161
  0.20329374 -0.06200901 -0.0391128  -0.21432346]"
4,1,190,"[-0.22605927 -0.41301838  0.25990078  0.7168477   0.23121195 -0.25367558
  0.2018843  -0.06543917 -0.03940617 -0.2142572 ]"
4,0,163,"[-0.21251869 -0.4108186   0.25656846  0.7000525   0.22923724 -0.2298892
  0.20207395 -0.07293363 -0.04344816 -0.22031201]"
4,1,87,"[-0.23002188 -0.41439596  0.26102096  0.71593726  0.22953518 -0.255642
  0.20143288 -0.06286938 -0.03770676 -0.20930098]"
4,0,101,"[-0.22941531 -0.40040675  0.2610174   0.72777206  0.2278128  -0.2685216
  0.19917826 -0.05087568 -0.04368443 -0.22485763]"
4,0,171,"[-0.22756784 -0.4098675   0.26134804  0.712434    0.22909601 -0.25058374
  0.20055825 -0.06172302 -0.04045361 -0.21517095]"
4,0,115,"[-0.22762495 -0.4134903   0.25557232  0.72317094  0.22850157 -0.25490633
  0.20171712 -0.06278263 -0.03503705 -0.21708742]"
4,0,167,"[-0.220394   -0.41035178  0.25834528  0.7150083   0.22974886 -0.25558847
  0.20427023 -0.06321363 -0.04083358 -0.21892674]"
4,0,125,"[-0.22470051 -0.4136862   0.25531638  0.7076647   0.22661959 -0.24123901
  0.20580953 -0.06526718 -0.0372614  -0.21520917]"
4,1,199,"[-0.22570568 -0.41482437  0.25834572  0.71690065  0.22883783 -0.25431728
  0.20046952 -0.06080907 -0.03711728 -0.21379094]"
4,0,37,"[-0.22272623 -0.41374516  0.25377357  0.7081524   0.22852503 -0.25455925
  0.20933759 -0.05153628 -0.0401027  -0.21909267]"
4,0,-2,"[-0.22551516 -0.4137581   0.25841096  0.71537167  0.2295392  -0.2538161
  0.20329374 -0.06200901 -0.0391128  -0.21432346]"
4,0,-1,"[-0.22493297 -0.41178408  0.2582484   0.71485436  0.22905792 -0.25230727
  0.20238659 -0.06177412 -0.03938186 -0.21635449]"
5,0,21,"[-0.22481075 -0.407589    0.26076767  0.7166119   0.22925088 -0.25689435
  0.2011491  -0.05932407 -0.04031186 -0.22087115]"
5,0,31,"[-0.22655019 -0.4164222   0.26214364  0.714595    0.22999462 -0.25021327
  0.19911073 -0.06956819 -0.04226176 -0.20290749]"
5,0,86,"[-0.22668616 -0.4160283   0.26048678  0.7128402   0.23017892 -0.24999474
  0.20178892 -0.06461051 -0.04109963 -0.20889066]"
5,0,39,"[-0.22813995 -0.41486427  0.2505276   0.7107855   0.22673355 -0.24646196
  0.2050987  -0.05964492 -0.03095467 -0.21510124]"
5,0,128,"[-0.22670183 -0.41634735  0.2581643   0.71457267  0.22582945 -0.25635257
  0.20787321 -0.05935014 -0.03991119 -0.20979816]"
5,0,50,"[-0.22546971 -0.4116267   0.25904474  0.72895396  0.22625403 -0.2559963
  0.19964623 -0.06595309 -0.04046901 -0.21641247]"
5,0,119,"[-0.22373994 -0.41796342  0.25125054  0.711118    0.22765651 -0.2523496
  0.20929277 -0.0630592  -0.03418913 -0.21004477]"
5,0,10,"[-0.2295226  -0.41009897  0.26206198  0.71237284  0.23045196 -0.25721335
  0.20234308 -0.05767648 -0.03597105 -0.21877584]"
5,1,117,"[-0.22810037 -0.4151684   0.26175907  0.7142646   0.23128061 -0.25425324
  0.2009707  -0.06441787 -0.04056848 -0.20784557]"
5,0,122,"[-0.2242925  -0.4096441   0.2527902   0.7299509   0.22922073 -0.2614616
  0.20096925 -0.06458972 -0.03397342 -0.22100481]"
5,0,-2,"[-0.22493297 -0.41178408  0.2582484   0.71485436  0.22905792 -0.25230727
  0.20238659 -0.06177412 -0.03938186 -0.21635449]"
5,0,-1,"[-0.22651026 -0.41380453  0.25846392  0.716622    0.2289678  -0.2540448
  0.20234334 -0.06350173 -0.03843437 -0.21214452]"
6,0,110,"[-0.2285706  -0.41324443  0.26664358  0.7163426   0.22730449 -0.2548864
  0.19998471 -0.06419974 -0.04192868 -0.20951045]"
6,0,23,"[-0.22861245 -0.41340822  0.2576919   0.71523386  0.22884555 -0.2550828
  0.20208311 -0.05944687 -0.03970314 -0.2097132 ]"
6,1,130,"[-0.22504392 -0.4151772   0.25759998  0.7170451   0.23025638 -0.2545869
  0.20103092 -0.06388423 -0.0389178  -0.21045677]"
6,0,157,"[-0.22066757 -0.40658665  0.25787818  0.72298026  0.23262918 -0.25681338
  0.19877134 -0.06747837 -0.04319703 -0.21959992]"
6,0,189,"[-0.2231326  -0.40521234  0.25208768  0.7258165   0.23722558 -0.2587055
  0.19870399 -0.06727309 -0.04265559 -0.21894528]"
6,1,152,"[-0.22709946 -0.4148273   0.25960726  0.71700674  0.2296157  -0.2548903
  0.20181747 -0.06280418 -0.03876777 -0.2117927 ]"
6,0,52,"[-0.22691785 -0.4140159   0.2552773   0.7182542   0.22107773 -0.25844708
  0.2066863  -0.05122298 -0.03876498 -0.21399765]"
6,0,12,"[-0.22281809 -0.41466457  0.25719833  0.70523316  0.23162083 -0.2398039
  0.20402123 -0.06810956 -0.04019485 -0.21456628]"
6,0,82,"[-0.22759518 -0.41215384  0.2565781   0.7328053   0.22534512 -0.2616177
  0.19988973 -0.06215104 -0.040421   -0.21275029]"
6,0,84,"[-0.22283606 -0.41655836  0.254875    0.7213935   0.22392064 -0.25578168
  0.20585857 -0.0608332  -0.04239233 -0.20972985]"
6,0,-2,"[-0.22651026 -0.41380453  0.25846392  0.716622    0.2289678  -0.2540448
  0.20234334 -0.06350173 -0.03843437 -0.21214452]"
6,0,-1,"[-0.22536051 -0.4128709   0.25743684  0.7186003   0.22933666 -0.2548257
  0.20179701 -0.06297862 -0.04041916 -0.21281762]"
7,0,101,"[-0.22974871 -0.40249282  0.25923112  0.7268109   0.22906916 -0.2678748
  0.2007316  -0.05278802 -0.04213705 -0.22296442]"
7,0,76,"[-0.22537464 -0.41544214  0.25887698  0.71650577  0.23185308 -0.25567678
  0.20035155 -0.06563697 -0.03961515 -0.20796515]"
7,0,58,"[-0.22541964 -0.41433015  0.2535839   0.7124668   0.22491623 -0.25766048
  0.2068266  -0.05210426 -0.03231032 -0.21811774]"
7,1,152,"[-0.22885281 -0.4143503   0.25910386  0.716749    0.23033932 -0.25305808
  0.20012218 -0.06488468 -0.03956048 -0.207801  ]"
7,0,177,"[-0.22620234 -0.41212893  0.26153174  0.7276788   0.22271407 -0.26398438
  0.20032343 -0.05405735 -0.04068404 -0.21734007]"
7,0,176,"[-0.22617278 -0.4062742   0.2588362   0.7113816   0.232665   -0.2507221
  0.20396335 -0.06537492 -0.04109285 -0.2193656 ]"
7,0,12,"[-0.22457641 -0.41333196  0.25824705  0.70561194  0.23238105 -0.24367939
  0.20466839 -0.06743844 -0.04046658 -0.21355781]"
7,0,25,"[-0.23024513 -0.40873453  0.2658858   0.72203326  0.23295484 -0.25860482
  0.1965438  -0.06513535 -0.04148863 -0.21534477]"
7,1,71,"[-0.22556306 -0.41731593  0.25864634  0.71954584  0.22970499 -0.25720727
  0.20060775 -0.06275214 -0.04016748 -0.20769183]"
7,0,51,"[-0.22755739 -0.41948518  0.2553865   0.7139316   0.23531505 -0.25539964
  0.2012531  -0.06494086 -0.03423649 -0.20641588]"
7,0,-2,"[-0.22536051 -0.4128709   0.25743684  0.7186003   0.22933666 -0.2548257
  0.20179701 -0.06297862 -0.04041916 -0.21281762]"
7,0,-1,"[-0.22708827 -0.41243285  0.25884268  0.71756333  0.23006944 -0.25651285
  0.20149589 -0.06140217 -0.03929253 -0.2134043 ]"
8,0,44,"[-0.22447114 -0.4110834   0.25571826  0.7241474   0.22868744 -0.25793964
  0.20430064 -0.06283374 -0.04215514 -0.21657275]"
8,0,111,"[-0.23199466 -0.4126135   0.2584999   0.71785736  0.22926272 -0.257329
  0.20386387 -0.06228529 -0.03108585 -0.2163775 ]"
8,1,103,"[-0.22666208 -0.41537717  0.257514    0.7185615   0.23082738 -0.25656965
  0.2019067  -0.06241959 -0.03910862 -0.21092516]"
8,0,160,"[-0.21999878 -0.41124225  0.2562488   0.72392136  0.22663912 -0.25882304
  0.20190188 -0.06379455 -0.04142683 -0.21560337]"
8,0,156,"[-0.22783448 -0.41280448  0.2557584   0.71246964  0.23020588 -0.24897568
  0.20319806 -0.06222243 -0.03782734 -0.21414539]"
8,0,30,"[-0.22792335 -0.41275096  0.25634396  0.7138127   0.2279457  -0.25442538
  0.20477578 -0.05876999 -0.03854798 -0.21263836]"
8,0,149,"[-0.22460702 -0.4124864   0.2586471   0.7208361   0.22814523 -0.2576411
  0.20078947 -0.06063356 -0.04064699 -0.2145713 ]"
8,0,88,"[-0.22676754 -0.41213194  0.25589016  0.7199685   0.22916591 -0.25854602
  0.20332775 -0.05906545 -0.03926863 -0.21475045]"
8,0,128,"[-0.22801037 -0.41637108  0.25774312  0.71458435  0.22381462 -0.2571572
  0.2099722  -0.05786755 -0.03985524 -0.20904845]"
8,1,194,"[-0.22699195 -0.4136289   0.2596441   0.72028434  0.22876535 -0.25781018
  0.20084786 -0.06291852 -0.03971763 -0.21072713]"
8,0,-2,"[-0.22708827 -0.41243285  0.25884268  0.71756333  0.23006944 -0.25651285
  0.20149589 -0.06140217 -0.03929253 -0.2134043 ]"
8,0,-1,"[-0.22691579 -0.41348386  0.25755987  0.7188895   0.22864726 -0.25683427
  0.20329955 -0.06166443 -0.03884722 -0.21286547]"
9,0,48,"[-0.22602792 -0.4131325   0.25896785  0.7239442   0.23134995 -0.25712657
  0.19923599 -0.06528667 -0.03932679 -0.2148399 ]"
9,1,147,"[-0.2269306  -0.41358072  0.2583463   0.7184789   0.23037982 -0.2583
  0.20154814 -0.0623841  -0.03949821 -0.21036522]"
9,0,64,"[-0.22897539 -0.41400063  0.25969487  0.72451437  0.22620359 -0.26076683
  0.20164497 -0.06084207 -0.04002308 -0.20969832]"
9,0,110,"[-0.22794342 -0.41181424  0.26630488  0.7164829   0.2268574  -0.2560828
  0.20015343 -0.06400038 -0.04092179 -0.21127254]"
9,1,9,"[-0.22471233 -0.41353625  0.25736508  0.71829766  0.22895408 -0.25590056
  0.20148724 -0.06271124 -0.03910314 -0.21244623]"
9,0,155,"[-0.22850056 -0.412177    0.25860617  0.71451485  0.22675787 -0.25555938
  0.20546085 -0.06192975 -0.03871472 -0.2107203 ]"
9,0,195,"[-0.2312405  -0.40782654  0.2622312   0.7236644   0.22544706 -0.25659308
  0.19758825 -0.06151572 -0.03549738 -0.21851948]"
9,0,193,"[-0.22578716 -0.41347092  0.25910327  0.71984446  0.22645567 -0.25823256
  0.20292926 -0.06069656 -0.03816903 -0.21420245]"
9,0,157,"[-0.22066425 -0.40748265  0.25723496  0.722946    0.2377986  -0.26003793
  0.19764096 -0.06562766 -0.04447357 -0.21958965]"
9,0,177,"[-0.2242056  -0.41215572  0.26083583  0.72276884  0.22890563 -0.26230642
  0.1991519  -0.05626616 -0.0414612  -0.21752918]"
9,0,-2,"[-0.22691579 -0.41348386  0.25755987  0.7188895   0.22864726 -0.25683427
  0.20329955 -0.06166443 -0.03884722 -0.21286547]"
9,0,-1,"[-0.22644353 -0.41199744  0.25944987  0.7202339   0.22911903 -0.25796556
  0.20072523 -0.06208576 -0.0396445  -0.21366249]"
10,0,85,"[-0.2186231  -0.41281006  0.25543615  0.71538866  0.22569045 -0.24771619
  0.20563257 -0.0652582  -0.04288714 -0.21716455]"
10,0,116,"[-0.22942136 -0.41314387  0.25349146  0.7118453   0.2268104  -0.25550866
  0.20556118 -0.05418377 -0.03292166 -0.21484724]"
10,0,79,"[-0.20459129 -0.4120688   0.25282478  0.7182761   0.22634812 -0.25790042
  0.2006371  -0.06211174 -0.04703727 -0.2167163 ]"
10,0,118,"[-0.22330585 -0.41129863  0.26193833  0.7167557   0.22545435 -0.25402677
  0.19949049 -0.06329375 -0.0389882  -0.2150244 ]"
10,1,42,"[-0.22612399 -0.41329294  0.25773853  0.7201122   0.22944158 -0.25802073
  0.20199701 -0.06155197 -0.03950557 -0.21315591]"
10,0,39,"[-0.22895475 -0.4143195   0.25444952  0.7131939   0.22573937 -0.24915703
  0.20496227 -0.06078418 -0.03363208 -0.21380234]"
10,0,17,"[-0.2246957  -0.41124043  0.2601812   0.71399236  0.22919643 -0.2581524
  0.20573135 -0.06221755 -0.04090102 -0.21420564]"
10,0,119,"[-0.22622728 -0.41466764  0.25422877  0.7158986   0.22824845 -0.25672677
  0.20607114 -0.06206497 -0.03636042 -0.21071115]"
10,0,68,"[-0.22814982 -0.41412708  0.2571654   0.7187031   0.22812855 -0.25679326
  0.20009619 -0.06171488 -0.03471876 -0.21088818]"
10,0,137,"[-0.22920342 -0.402838    0.25562853  0.72207326  0.23736238 -0.25968763
  0.19876657 -0.06321789 -0.04170986 -0.21949914]"
10,0,-2,"[-0.22644353 -0.41199744  0.25944987  0.7202339   0.22911903 -0.25796556
  0.20072523 -0.06208576 -0.0396445  -0.21366249]"
10,0,-1,"[-0.22315814 -0.41188008  0.2561177   0.71698534  0.22843307 -0.25575927
  0.202777   -0.06159591 -0.03945198 -0.21479113]"
11,0,179,"[-0.22382693 -0.41260892  0.253331    0.7126408   0.22648366 -0.25162736
  0.20667677 -0.0596863  -0.03947203 -0.21425544]"
11,0,13,"[-0.21798772 -0.41166434  0.25591564  0.71519     0.22732295 -0.25243276
  0.2037495  -0.06311629 -0.04262148 -0.21670036]"
11,0,108,"[-0.22422814 -0.4159685   0.26076502  0.71582574  0.22982536 -0.2595017
  0.2002092  -0.05978258 -0.04007678 -0.20943105]"
11,0,106,"[-0.22107676 -0.41248584  0.25471544  0.71362656  0.22996926 -0.25403956
  0.20532641 -0.061997   -0.04017416 -0.21621528]"
11,0,52,"[-0.2288029  -0.41297594  0.25510985  0.7189491   0.2267357  -0.2609335
  0.2039289  -0.05404333 -0.03619995 -0.21411873]"
11,1,129,"[-0.22368984 -0.41306692  0.25792968  0.71884125  0.22832222 -0.2576537
  0.20025574 -0.06136432 -0.03704819 -0.21493956]"
11,0,30,"[-0.22534886 -0.41125178  0.2552988   0.7137234   0.22806811 -0.25492758
  0.20463726 -0.05888537 -0.03840812 -0.2152453 ]"
11,0,14,"[-0.22563474 -0.4178338   0.25599506  0.7185534   0.22967103 -0.2543368
  0.201084   -0.06454963 -0.03790154 -0.20743868]"
11,0,16,"[-0.22506686 -0.41100353  0.25583616  0.7191482   0.23104216 -0.25428435
  0.2024144  -0.06509829 -0.0398828  -0.21546215]"
11,0,168,"[-0.22784452 -0.40752518  0.2578591   0.72434515  0.22666311 -0.26553398
  0.20081016 -0.05191901 -0.04120643 -0.21803291]"
11,0,-2,"[-0.22315814 -0.41188008  0.2561177   0.71698534  0.22843307 -0.25575927
  0.202777   -0.06159591 -0.03945198 -0.21479113]"
11,0,-1,"[-0.22461513 -0.41287106  0.25671232  0.71792984  0.22852248 -0.2571761
  0.20218936 -0.06013988 -0.0390842  -0.21384113]"
12,1,65,"[-0.22469082 -0.41414094  0.256217    0.7195789   0.22815701 -0.25745764
  0.20123494 -0.06141798 -0.03814907 -0.21179518]"
12,0,125,"[-0.2233174  -0.4144583   0.25544417  0.71108204  0.22553124 -0.24317102
  0.20338202 -0.06582758 -0.03825899 -0.21281317]"
12,0,131,"[-0.22988589 -0.40604317  0.26218876  0.7191376   0.22825688 -0.26066297
  0.20174412 -0.05857384 -0.03913122 -0.21943116]"
12,0,22,"[-0.2201617  -0.40589142  0.25579745  0.7107848   0.23484658 -0.24901748
  0.19908287 -0.06657279 -0.04380953 -0.2174792 ]"
12,0,67,"[-0.22929081 -0.4049269   0.26237002  0.71813315  0.22786202 -0.25935474
  0.19930314 -0.05861377 -0.04078907 -0.21711335]"
12,1,53,"[-0.22483483 -0.41446054  0.25795564  0.7175974   0.22819464 -0.25664926
  0.20134142 -0.06103929 -0.04035098 -0.21021782]"
12,0,6,"[-0.21964347 -0.40842548  0.25165457  0.7172951   0.22931966 -0.25820583
  0.20438084 -0.05933471 -0.03775086 -0.22171013]"
12,1,92,"[-0.22404492 -0.41328868  0.25560972  0.71942306  0.22855994 -0.25651413
  0.20029013 -0.06059462 -0.03874346 -0.21316053]"
12,0,79,"[-0.20278075 -0.413135    0.2536481   0.7173316   0.22493577 -0.2570961
  0.20211127 -0.06357836 -0.04268119 -0.22119705]"
12,0,2,"[-0.22477762 -0.4126606   0.2566303   0.7180528   0.22832917 -0.25731772
  0.20208865 -0.06020325 -0.03925513 -0.21326374]"
12,0,-2,"[-0.22461513 -0.41287106  0.25671232  0.71792984  0.22852248 -0.2571761
  0.20218936 -0.06013988 -0.0390842  -0.21384113]"
12,0,-1,"[-0.2216432  -0.41130587  0.25647694  0.7171819   0.22835027 -0.25582102
  0.20134345 -0.06164118 -0.03993815 -0.21544258]"
13,0,37,"[-0.22233534 -0.41134375  0.2565523   0.7133903   0.22696148 -0.25743198
  0.20316686 -0.0545323  -0.04009176 -0.2168286 ]"
13,0,70,"[-0.22896254 -0.40772647  0.2690145   0.7158981   0.22645082 -0.25607774
  0.19881253 -0.06253397 -0.04140943 -0.215945  ]"
13,0,55,"[-0.22291459 -0.41026     0.25458983  0.7170409   0.22703154 -0.25377026
  0.20157303 -0.06212198 -0.03678197 -0.21683705]"
13,0,175,"[-0.23006965 -0.4111882   0.26334754  0.7302198   0.22870187 -0.26644132
  0.19790989 -0.057941   -0.04083785 -0.2161803 ]"
13,1,178,"[-0.22342154 -0.41184643  0.25709543  0.7181454   0.22883041 -0.2577308
  0.20077522 -0.06160847 -0.03972635 -0.21304214]"
13,0,141,"[-0.22111347 -0.41298983  0.25899312  0.715567    0.22583993 -0.2551818
  0.19951497 -0.06037782 -0.03932349 -0.21339545]"
13,0,173,"[-0.2219784  -0.4115775   0.25545835  0.71546596  0.22933047 -0.25196734
  0.2003172  -0.06267873 -0.03951068 -0.21532603]"
13,0,7,"[-0.22616991 -0.4097094   0.2547978   0.719811    0.23003818 -0.25705314
  0.20141783 -0.06137609 -0.03862676 -0.21558017]"
13,0,43,"[-0.22327071 -0.41092935  0.25477454  0.71507376  0.23444514 -0.25259903
  0.19994769 -0.06393373 -0.04029026 -0.2156908 ]"
13,0,62,"[-0.22392824 -0.40713224  0.27185217  0.71615887  0.22347203 -0.25766677
  0.19774267 -0.06308177 -0.04426007 -0.21564259]"
13,0,-2,"[-0.2216432  -0.41130587  0.25647694  0.7171819   0.22835027 -0.25582102
  0.20134345 -0.06164118 -0.03993815 -0.21544258]"
13,0,-1,"[-0.22446391 -0.41051698  0.26028442  0.71766365  0.22801115 -0.25708994
  0.2000713  -0.06078394 -0.04041919 -0.21524271]"
14,0,137,"[-0.22502589 -0.40424183  0.25263837  0.7230161   0.23604597 -0.2594103
  0.19895251 -0.06400011 -0.04220521 -0.21830907]"
14,0,13,"[-0.21768622 -0.41073483  0.25327918  0.71686894  0.22754446 -0.25404203
  0.203825   -0.06298114 -0.04194139 -0.21663938]"
14,1,123,"[-0.22396661 -0.41201282  0.25845084  0.7179612   0.22827639 -0.25870502
  0.2006479  -0.05996201 -0.03886938 -0.21439636]"
14,0,195,"[-0.2291779  -0.40900832  0.2646621   0.7210357   0.22357652 -0.25658748
  0.19834666 -0.05912399 -0.03849424 -0.2177616 ]"
14,0,1,"[-0.22314753 -0.41110602  0.24997497  0.7145493   0.23452266 -0.24973243
  0.20019938 -0.0599907  -0.04086835 -0.21692723]"
14,0,143,"[-0.22578555 -0.4106787   0.25949574  0.7177249   0.22903547 -0.25537816
  0.19995756 -0.06163035 -0.0404223  -0.2148116 ]"
14,1,190,"[-0.22404976 -0.41185898  0.257694    0.7195094   0.2279387  -0.25959527
  0.20084119 -0.06014816 -0.03946487 -0.21344192]"
14,0,14,"[-0.2228931  -0.41706154  0.25726536  0.7210089   0.22733368 -0.25480804
  0.19865125 -0.0659958  -0.03877045 -0.20728405]"
14,1,65,"[-0.22436774 -0.41233823  0.25852695  0.7179172   0.2283683  -0.25799772
  0.19947684 -0.05979133 -0.03981722 -0.21255314]"
14,0,192,"[-0.22857355 -0.4101086   0.26237062  0.7247604   0.22539556 -0.25931326
  0.19920364 -0.06111733 -0.03897075 -0.21617272]"
14,0,-2,"[-0.22446391 -0.41051698  0.26028442  0.71766365  0.22801115 -0.25708994
  0.2000713  -0.06078394 -0.04041919 -0.21524271]"
14,0,-1,"[-0.22451308 -0.41128314  0.2575938   0.71954733  0.22869016 -0.25712767
  0.19988509 -0.06129352 -0.03974758 -0.21430339]"
15,0,119,"[-0.22020787 -0.41472298  0.2551363   0.71443486  0.22607468 -0.2559777
  0.20447546 -0.06170542 -0.03600091 -0.21409826]"
15,0,106,"[-0.22332197 -0.4101586   0.2560305   0.7149078   0.22921333 -0.25592783
  0.20407793 -0.06240879 -0.03835439 -0.21663705]"
15,1,18,"[-0.2229057  -0.41237622  0.2575551   0.7200757   0.22808361 -0.25722447
  0.19979057 -0.06245213 -0.03934373 -0.2138443 ]"
15,0,4,"[-0.22653185 -0.41138464  0.2604219   0.72445786  0.22043435 -0.26130772
  0.20373614 -0.05613768 -0.04104833 -0.21525235]"
15,0,8,"[-0.21840706 -0.40937167  0.26625487  0.7173843   0.23138347 -0.26082176
  0.19575848 -0.06394166 -0.04280656 -0.2180241 ]"
15,0,10,"[-0.22684376 -0.40923437  0.26192525  0.71590483  0.22506581 -0.25989413
  0.20190565 -0.05706846 -0.03779053 -0.21656199]"
15,1,199,"[-0.22369196 -0.41169927  0.25956318  0.7201946   0.22715895 -0.2598523
  0.20121533 -0.0610648  -0.04042608 -0.21403942]"
15,1,182,"[-0.22377726 -0.41180217  0.25798616  0.718677    0.22783716 -0.25890237
  0.20073867 -0.05982019 -0.03916378 -0.21441472]"
15,1,71,"[-0.22288282 -0.41210964  0.25797948  0.7189005   0.22824384 -0.25781018
  0.19993563 -0.06132867 -0.04025476 -0.21331507]"
15,0,141,"[-0.22050449 -0.411374    0.2616082   0.71588606  0.2238887  -0.2585756
  0.19912386 -0.05950133 -0.03916914 -0.21396145]"
15,0,-2,"[-0.22451308 -0.41128314  0.2575938   0.71954733  0.22869016 -0.25712767
  0.19988509 -0.06129352 -0.03974758 -0.21430339]"
15,0,-1,"[-0.22314298 -0.41158345  0.25921673  0.7187278   0.22686395 -0.25871858
  0.20093988 -0.06057381 -0.03961856 -0.21473132]"
16,1,98,"[-0.22201706 -0.4119312   0.2586844   0.71845675  0.2264823  -0.25843763
  0.20119846 -0.0605548  -0.04027941 -0.21431148]"
16,0,57,"[-0.223477   -0.41153097  0.25668135  0.7233005   0.22459513 -0.2579108
  0.20155388 -0.06095653 -0.03857451 -0.21633455]"
16,0,26,"[-0.22401386 -0.41105708  0.25494125  0.7147387   0.23147325 -0.2554618
  0.20423047 -0.06159519 -0.04005966 -0.21584971]"
16,0,20,"[-0.22521555 -0.41126946  0.25766444  0.7180754   0.22945793 -0.25966325
  0.20038886 -0.05979063 -0.03863097 -0.21364807]"
16,0,114,"[-0.2191683  -0.40989166  0.25760537  0.7225893   0.22911292 -0.26000524
  0.1980985  -0.06228456 -0.04397659 -0.2147333 ]"
16,1,130,"[-0.22286282 -0.41204807  0.25849602  0.7181416   0.22717072 -0.2582579
  0.19963382 -0.06068406 -0.03930121 -0.21299784]"
16,0,21,"[-0.22160523 -0.40852585  0.25877497  0.7193005   0.22757067 -0.2597498
  0.1994831  -0.05898    -0.04051025 -0.21841173]"
16,0,88,"[-0.22451574 -0.41100568  0.25692844  0.72009563  0.22642802 -0.2614854
  0.20299308 -0.05716822 -0.03923826 -0.21566808]"
16,1,170,"[-0.22282699 -0.4126963   0.257753    0.71877474  0.22701529 -0.25872532
  0.20175567 -0.06044358 -0.03896184 -0.21435438]"
16,0,175,"[-0.22703743 -0.41117677  0.2607098   0.72622406  0.22841726 -0.2651273
  0.19958642 -0.05660346 -0.04214197 -0.21551065]"
16,0,-2,"[-0.22314298 -0.41158345  0.25921673  0.7187278   0.22686395 -0.25871858
  0.20093988 -0.06057381 -0.03961856 -0.21473132]"
16,0,-1,"[-0.22303067 -0.4113927   0.25800422  0.7197115   0.2275159  -0.25920498
  0.2008526  -0.06011458 -0.04009702 -0.21492457]"
17,1,98,"[-0.22272971 -0.41280916  0.25763717  0.7190787   0.22736727 -0.25921187
  0.20101926 -0.0602297  -0.04016045 -0.2127308 ]"
17,1,182,"[-0.22257052 -0.412349    0.25825068  0.71890295  0.22825764 -0.2592327
  0.2008149  -0.060179   -0.04039862 -0.21426564]"
17,1,138,"[-0.22389726 -0.41166314  0.25950515  0.7177877   0.22845523 -0.25814664
  0.19953617 -0.06042483 -0.04008994 -0.21383168]"
17,0,119,"[-0.22135176 -0.41412222  0.25388646  0.7161082   0.22581477 -0.25749007
  0.20716491 -0.06014474 -0.03675251 -0.21583287]"
17,1,18,"[-0.22428186 -0.41103065  0.2586038   0.72107846  0.2268892  -0.25962678
  0.19983503 -0.0598878  -0.04043727 -0.21391168]"
17,0,176,"[-0.2233592  -0.40477479  0.26064128  0.7151117   0.23028325 -0.2561961
  0.20029005 -0.06237195 -0.04256539 -0.21979229]"
17,0,30,"[-0.22375256 -0.4113615   0.25552958  0.71564907  0.22714594 -0.25658876
  0.20298961 -0.0586081  -0.03874441 -0.21495487]"
17,0,188,"[-0.22399126 -0.4109718   0.2581746   0.71733737  0.22711499 -0.2598013
  0.20427941 -0.06078428 -0.04069466 -0.21338296]"
17,0,137,"[-0.22496627 -0.40238765  0.25693166  0.7220758   0.23533928 -0.26065093
  0.19671945 -0.06328738 -0.04085271 -0.22165458]"
17,0,126,"[-0.22658007 -0.41185188  0.25712976  0.7156072   0.23118609 -0.2536823
  0.2023441  -0.06277639 -0.04028215 -0.21380167]"
17,0,-2,"[-0.22303067 -0.4113927   0.25800422  0.7197115   0.2275159  -0.25920498
  0.2008526  -0.06011458 -0.04009702 -0.21492457]"
17,0,-1,"[-0.22361073 -0.41045755  0.25799292  0.7183553   0.22865942 -0.258453
  0.20100172 -0.06079393 -0.04025119 -0.21519168]"
18,0,58,"[-0.22389433 -0.41181156  0.25477332  0.7147991   0.22261909 -0.26033843
  0.20382    -0.05173223 -0.03331317 -0.21771672]"
18,0,148,"[-0.21706313 -0.4106241   0.2593938   0.7170951   0.21967992 -0.2548401
  0.20079502 -0.05722746 -0.04218749 -0.21781638]"
18,1,87,"[-0.22165944 -0.41181406  0.25686637  0.71943355  0.22754776 -0.2595986
  0.2005393  -0.06051869 -0.03920513 -0.21442857]"
18,0,28,"[-0.21409321 -0.41063985  0.2539938   0.71811557  0.22628543 -0.2581647
  0.20364733 -0.06055335 -0.04497797 -0.21637276]"
18,0,144,"[-0.22467728 -0.41024455  0.25721014  0.71839416  0.22844589 -0.25883678
  0.20247233 -0.0612901  -0.0397488  -0.2145006 ]"
18,0,50,"[-0.22442508 -0.40967774  0.26148084  0.7292758   0.22385018 -0.26008746
  0.19574362 -0.06190223 -0.04185583 -0.21519011]"
18,0,118,"[-0.22284077 -0.40936464  0.261676    0.71927214  0.22471885 -0.25856298
  0.19952103 -0.06144845 -0.03919723 -0.21654966]"
18,1,130,"[-0.22405788 -0.41094002  0.2576275   0.7187561   0.22721238 -0.25898147
  0.2011476  -0.05960023 -0.03964224 -0.2143592 ]"
18,0,77,"[-0.21381165 -0.40921322  0.25372934  0.71957785  0.22958331 -0.2587568
  0.20017113 -0.06151203 -0.04240266 -0.22014704]"
18,0,185,"[-0.2245119  -0.40946227  0.26105243  0.71774065  0.22683322 -0.25893873
  0.20030156 -0.06129375 -0.0384892  -0.21599181]"
18,0,-2,"[-0.22361073 -0.41045755  0.25799292  0.7183553   0.22865942 -0.258453
  0.20100172 -0.06079393 -0.04025119 -0.21519168]"
18,0,-1,"[-0.22158577 -0.41061866  0.25770187  0.71936303  0.22571722 -0.2588202
  0.20068674 -0.05946633 -0.03974747 -0.21603295]"
19,0,128,"[-0.22328508 -0.41507834  0.2591342   0.7180446   0.22190532 -0.26064977
  0.2070816  -0.05748971 -0.04078887 -0.2117094 ]"
19,0,70,"[-0.22492109 -0.40765294  0.2701342   0.71833044  0.22498561 -0.2602937
  0.19895823 -0.06238889 -0.04160914 -0.21838468]"
19,1,138,"[-0.22278522 -0.41108438  0.25728568  0.71988714  0.22646894 -0.2603428
  0.20126808 -0.05821702 -0.04019284 -0.21517898]"
19,0,127,"[-0.22482161 -0.4109193   0.2559003   0.7168867   0.22944264 -0.26067108
  0.20481582 -0.0599342  -0.04248779 -0.21103512]"
19,1,139,"[-0.22293207 -0.4115351   0.25906324  0.7179022   0.2265995  -0.25852975
  0.2005115  -0.06032217 -0.0410615  -0.21258695]"
19,0,23,"[-0.2282445  -0.4100957   0.25732827  0.71738064  0.22649512 -0.25764158
  0.20016564 -0.05774308 -0.03700443 -0.21350987]"
19,0,26,"[-0.22543202 -0.40885293  0.25554365  0.7137728   0.23030587 -0.25841612
  0.20476405 -0.05854096 -0.03990095 -0.21607876]"
19,1,140,"[-0.221806   -0.41081294  0.2583135   0.71966857  0.22585478 -0.26052386
  0.20056725 -0.05782553 -0.03994287 -0.21638432]"
19,0,89,"[-0.22779903 -0.41521472  0.2619801   0.71898586  0.22910985 -0.2600324
  0.20002541 -0.06182162 -0.04065558 -0.20742644]"
19,0,68,"[-0.22541873 -0.41188428  0.25725666  0.7174492   0.2280869  -0.2586351
  0.20029604 -0.05982671 -0.0354698  -0.2146835 ]"
19,0,-2,"[-0.22158577 -0.41061866  0.25770187  0.71936303  0.22571722 -0.2588202
  0.20068674 -0.05946633 -0.03974747 -0.21603295]"
19,0,-1,"[-0.22442155 -0.41123426  0.25916234  0.71815693  0.226694   -0.25953928
  0.20142603 -0.05924231 -0.0399216  -0.21394569]"
20,0,125,"[-0.22050975 -0.41178146  0.25451145  0.71327454  0.22375454 -0.24825133
  0.20445625 -0.06246701 -0.03974941 -0.2161362 ]"
20,0,196,"[-0.22064902 -0.4094962   0.25753126  0.72356707  0.22476323 -0.25894636
  0.20204431 -0.06165914 -0.04166594 -0.2184005 ]"
20,1,152,"[-0.22251666 -0.41145372  0.2576883   0.71910053  0.22673038 -0.26000926
  0.20039211 -0.05964254 -0.03955816 -0.21368505]"
20,0,56,"[-0.22488733 -0.41085336  0.25671026  0.7177937   0.23154175 -0.25719705
  0.1989167  -0.06060821 -0.03962501 -0.21467258]"
20,1,150,"[-0.22325239 -0.41110548  0.25837633  0.7180826   0.22636022 -0.25947705
  0.20160536 -0.05976097 -0.03945344 -0.21432915]"
20,0,162,"[-0.224537   -0.4088473   0.26785925  0.72541565  0.22323862 -0.26314288
  0.19630343 -0.06220619 -0.04130959 -0.21568516]"
20,0,124,"[-0.22310801 -0.406943    0.26139182  0.71647125  0.22829767 -0.2630028
  0.19960392 -0.0572092  -0.04067411 -0.2177323 ]"
20,1,90,"[-0.22269703 -0.41140118  0.25726727  0.71830595  0.22628579 -0.25922424
  0.20176657 -0.05964253 -0.03961399 -0.21400064]"
20,0,46,"[-0.21852931 -0.4147986   0.2545919   0.717035    0.22630472 -0.2521314
  0.20050779 -0.06379502 -0.04144401 -0.2106394 ]"
20,0,113,"[-0.22833455 -0.4100372   0.25958532  0.7174603   0.22996049 -0.25853854
  0.20060681 -0.06037323 -0.03811184 -0.21510385]"
20,0,-2,"[-0.22442155 -0.41123426  0.25916234  0.71815693  0.226694   -0.25953928
  0.20142603 -0.05924231 -0.0399216  -0.21394569]"
20,0,-1,"[-0.22270162 -0.41072762  0.25858706  0.71886885  0.22638272 -0.25859958
  0.20074934 -0.06047941 -0.0400977  -0.21490818]"
21,1,98,"[-0.22359565 -0.41099802  0.2577989   0.71822596  0.22661245 -0.25906646
  0.20142208 -0.05976751 -0.03967244 -0.2139736 ]"
21,0,37,"[-0.22064264 -0.41107586  0.25529101  0.71400386  0.22457898 -0.2594797
  0.20548661 -0.05196347 -0.04132367 -0.21785393]"
21,0,85,"[-0.21637931 -0.41110858  0.25629073  0.7171066   0.22237042 -0.2539264
  0.2035929  -0.0617549  -0.04210666 -0.21705014]"
21,0,119,"[-0.22149009 -0.41376317  0.2547692   0.7136558   0.22509612 -0.25771266
  0.2069157  -0.06079472 -0.03667361 -0.21296808]"
21,1,41,"[-0.22319047 -0.41118997  0.25833428  0.7188312   0.2272362  -0.26003072
  0.20044693 -0.05986762 -0.03918594 -0.2143983 ]"
21,0,17,"[-0.22179256 -0.4100932   0.25877213  0.7160848   0.22474635 -0.25999722
  0.20610212 -0.06140416 -0.04015399 -0.21522951]"
21,0,189,"[-0.21973869 -0.40441263  0.25515014  0.7232256   0.23332065 -0.26395854
  0.1981994  -0.0632418  -0.04364305 -0.2178729 ]"
21,0,6,"[-0.22309446 -0.40628952  0.2550347   0.7160841   0.22935496 -0.26089716
  0.20224375 -0.0573554  -0.03876738 -0.21928568]"
21,1,190,"[-0.22288665 -0.41122317  0.25853917  0.7184745   0.22812511 -0.26037636
  0.19966911 -0.06207249 -0.0405504  -0.2107133 ]"
21,0,192,"[-0.22595295 -0.4105837   0.26016203  0.72602975  0.22206767 -0.26341555
  0.19971456 -0.05754419 -0.03654931 -0.21689376]"
21,0,-2,"[-0.22270162 -0.41072762  0.25858706  0.71886885  0.22638272 -0.25859958
  0.20074934 -0.06047941 -0.0400977  -0.21490818]"
21,0,-1,"[-0.22209233 -0.41018635  0.25718156  0.7182181   0.22659498 -0.25991192
  0.20201106 -0.05963425 -0.03991902 -0.21525028]"
22,0,171,"[-0.22404474 -0.40968683  0.25942314  0.7159721   0.225625   -0.25795403
  0.20075954 -0.05959834 -0.03911792 -0.21437731]"
22,0,131,"[-0.22586736 -0.40781918  0.26104638  0.7206214   0.22665487 -0.2616053
  0.19930789 -0.05865287 -0.03992824 -0.21677269]"
22,1,190,"[-0.22342005 -0.41040784  0.25755465  0.7170569   0.22682232 -0.25878212
  0.20074442 -0.05895476 -0.03939416 -0.21429588]"
22,1,90,"[-0.22290523 -0.4103627   0.25826555  0.7183334   0.22636771 -0.25932392
  0.2003858  -0.0596013  -0.04005098 -0.21418463]"
22,0,8,"[-0.21553233 -0.408812    0.26158407  0.71842045  0.23053233 -0.26004568
  0.19525528 -0.06169402 -0.04417484 -0.21856064]"
22,1,9,"[-0.2213124  -0.41083434  0.25786996  0.7185838   0.2268294  -0.25974727
  0.20068222 -0.05983254 -0.0403179  -0.21499765]"
22,0,168,"[-0.22500482 -0.40723324  0.2589251   0.72018933  0.22509846 -0.264506
  0.20110683 -0.05320214 -0.03997841 -0.21844308]"
22,1,103,"[-0.22219822 -0.41083586  0.25663733  0.7192005   0.22696224 -0.25987786
  0.2012088  -0.06102422 -0.04012032 -0.21302882]"
22,0,120,"[-0.21832122 -0.41133267  0.25693366  0.71263355  0.22719288 -0.25278845
  0.19982716 -0.06158263 -0.03671486 -0.21888825]"
22,0,107,"[-0.2246437  -0.4114055   0.25401038  0.72257906  0.22238399 -0.26132074
  0.20054144 -0.05315454 -0.03806555 -0.21394603]"
22,0,-2,"[-0.22209233 -0.41018635  0.25718156  0.7182181   0.22659498 -0.25991192
  0.20201106 -0.05963425 -0.03991902 -0.21525028]"
22,0,-1,"[-0.22217402 -0.41005453  0.2579955   0.7182958   0.22658493 -0.2595539
  0.20016867 -0.05896476 -0.03982383 -0.2155303 ]"
23,0,29,"[-0.2228087  -0.41020763  0.25552055  0.7156891   0.22585429 -0.25655442
  0.2019747  -0.05841186 -0.03755521 -0.21656807]"
23,0,133,"[-0.22035903 -0.4067982   0.26560837  0.71817917  0.22307274 -0.25549388
  0.1977084  -0.06298318 -0.0433083  -0.21872818]"
23,0,33,"[-0.22491695 -0.40996185  0.2556106   0.7120113   0.22988328 -0.25929382
  0.20110668 -0.05715126 -0.03312132 -0.21728235]"
23,0,171,"[-0.22338343 -0.4084502   0.25803402  0.71736026  0.22674973 -0.25866514
  0.19978306 -0.05940908 -0.03928727 -0.2157993 ]"
23,0,160,"[-0.21844998 -0.40809777  0.25727028  0.7233092   0.2230696  -0.26346132
  0.20151061 -0.05939018 -0.0409789  -0.2178536 ]"
23,0,149,"[-0.22149402 -0.41031694  0.25827426  0.71987516  0.22695465 -0.2607621
  0.19993353 -0.06011825 -0.03996705 -0.2154424 ]"
23,1,27,"[-0.22295067 -0.4103741   0.25801206  0.717677    0.22642061 -0.25884032
  0.20019741 -0.05981642 -0.03954595 -0.21392402]"
23,0,36,"[-0.22144464 -0.4086169   0.25713784  0.7252988   0.22572783 -0.2668957
  0.19851317 -0.0530187  -0.04221073 -0.21762078]"
23,0,50,"[-0.22418748 -0.40954658  0.26049036  0.72610456  0.22288528 -0.25794464
  0.19888611 -0.06257853 -0.04111454 -0.21608986]"
23,0,112,"[-0.22728474 -0.40803403  0.25374782  0.71782994  0.23363827 -0.26191416
  0.19864684 -0.06046158 -0.03164776 -0.21762946]"
23,0,-2,"[-0.22217402 -0.41005453  0.2579955   0.7182958   0.22658493 -0.2595539
  0.20016867 -0.05896476 -0.03982383 -0.2155303 ]"
23,0,-1,"[-0.22311588 -0.4090402   0.2579518   0.71931803  0.22680959 -0.26030692
  0.1995634  -0.05898653 -0.03862935 -0.21667455]"
24,1,104,"[-0.22204788 -0.4105788   0.25841218  0.7198313   0.2257176  -0.2597975
  0.20008282 -0.0590503  -0.0405009  -0.21526676]"
24,1,42,"[-0.22310981 -0.4100485   0.258871    0.718396    0.22656168 -0.2606138
  0.19917165 -0.05861062 -0.03910347 -0.21471253]"
24,0,10,"[-0.22475767 -0.40889794  0.26140922  0.71709424  0.22503601 -0.2607534
  0.19919877 -0.05584503 -0.03789165 -0.21774207]"
24,0,30,"[-0.22375731 -0.40766916  0.2553733   0.71472144  0.22498758 -0.25902665
  0.2045573  -0.05557377 -0.03940653 -0.2173325 ]"
24,0,192,"[-0.22650935 -0.40922007  0.26010078  0.72195685  0.22265139 -0.26143968
  0.20029578 -0.05648294 -0.03712764 -0.21737474]"
24,0,114,"[-0.21653934 -0.40763593  0.25611475  0.7196896   0.22701645 -0.26089093
  0.1993773  -0.06006391 -0.04298614 -0.21722503]"
24,1,15,"[-0.22140983 -0.40984148  0.25821     0.71844864  0.22576872 -0.25932348
  0.20023651 -0.05971453 -0.03951095 -0.21606186]"
24,0,17,"[-0.22369474 -0.40833208  0.26098874  0.71412927  0.22788705 -0.26055494
  0.20450383 -0.06047262 -0.03936283 -0.2182413 ]"
24,0,168,"[-0.22505446 -0.40600997  0.25812832  0.7224113   0.22467564 -0.2648678
  0.19938473 -0.05319232 -0.03968796 -0.21895723]"
24,0,149,"[-0.22259083 -0.40909427  0.25864655  0.72091097  0.22602399 -0.2608254
  0.19963317 -0.05936419 -0.03955233 -0.21690495]"
24,0,-2,"[-0.22311588 -0.4090402   0.2579518   0.71931803  0.22680959 -0.26030692
  0.1995634  -0.05898653 -0.03862935 -0.21667455]"
24,0,-1,"[-0.22291826 -0.40900338  0.25873223  0.718918    0.22566365 -0.26079237
  0.20035812 -0.05795256 -0.03951394 -0.21666428]"
25,0,43,"[-0.22190486 -0.40865496  0.25598347  0.71655923  0.23193322 -0.2586338
  0.19907542 -0.06094881 -0.0398172  -0.21679701]"
25,0,23,"[-0.22441958 -0.4103816   0.25752592  0.71593904  0.22447878 -0.25856587
  0.20003366 -0.0579052  -0.03851485 -0.21142913]"
25,1,42,"[-0.22294943 -0.40964606  0.25887638  0.71796846  0.22685556 -0.2604894
  0.1993207  -0.05864713 -0.03954419 -0.21500516]"
25,0,14,"[-0.22408615 -0.41322997  0.25778967  0.72310627  0.22714898 -0.2600981
  0.19839998 -0.0631452  -0.04006097 -0.20906325]"
25,0,28,"[-0.22004026 -0.40967628  0.25633386  0.7188444   0.22484408 -0.2602825
  0.20201162 -0.05795239 -0.03980057 -0.21746552]"
25,0,132,"[-0.22604288 -0.408554    0.26056203  0.7183714   0.2224942  -0.25399718
  0.20045827 -0.05944241 -0.03882017 -0.21824095]"
25,1,0,"[-0.22255564 -0.40969005  0.25737306  0.71862954  0.22560155 -0.25989184
  0.2010992  -0.05946165 -0.03967302 -0.21469128]"
25,0,121,"[-0.21902157 -0.40978912  0.25467896  0.7174387   0.22512195 -0.25665385
  0.2015867  -0.05917458 -0.03936521 -0.21800551]"
25,0,95,"[-0.22404525 -0.40896267  0.25854692  0.7139266   0.22405387 -0.2564205
  0.20013544 -0.05701595 -0.03608841 -0.21733533]"
25,0,89,"[-0.23050018 -0.4131274   0.26175725  0.71878976  0.22689563 -0.26168427
  0.19815755 -0.06001198 -0.03692947 -0.20656513]"
25,0,-2,"[-0.22291826 -0.40900338  0.25873223  0.718918    0.22566365 -0.26079237
  0.20035812 -0.05795256 -0.03951394 -0.21666428]"
25,0,-1,"[-0.22396618 -0.4103301   0.2582285   0.71818376  0.22607975 -0.25903565
  0.19978891 -0.0595316  -0.03894568 -0.21370405]"
26,0,151,"[-0.22232932 -0.40481678  0.25938264  0.71231455  0.2313529  -0.25342745
  0.19677816 -0.06194108 -0.04126694 -0.21932434]"
26,0,75,"[-0.22540455 -0.40900493  0.26206842  0.7151164   0.22523455 -0.25352463
  0.19756582 -0.06264114 -0.03629028 -0.21639064]"
26,0,2,"[-0.22396794 -0.41054258  0.25770938  0.7181015   0.22693229 -0.25867742
  0.19910754 -0.0594638  -0.03912616 -0.21330845]"
26,0,11,"[-0.21786693 -0.40805748  0.25358734  0.72656804  0.22335367 -0.2566801
  0.19805299 -0.06154495 -0.04485807 -0.21584567]"
26,1,152,"[-0.22334352 -0.4105803   0.2584182   0.7183277   0.22683404 -0.25923514
  0.19940409 -0.0600827  -0.03993744 -0.21312442]"
26,0,88,"[-0.22333232 -0.41007286  0.2567048   0.719097    0.22604832 -0.26153806
  0.20069501 -0.05626192 -0.03850345 -0.21608426]"
26,1,194,"[-0.22240737 -0.4109549   0.25788805  0.7190159   0.22616069 -0.25947315
  0.19999701 -0.0599528  -0.03988821 -0.2137047 ]"
26,0,66,"[-0.22380266 -0.40903953  0.25640455  0.7229327   0.22743875 -0.26178294
  0.19934218 -0.06002389 -0.04212188 -0.21260023]"
26,0,120,"[-0.22025248 -0.41076836  0.25765356  0.7120109   0.22651948 -0.2524878
  0.19913438 -0.06223366 -0.0353775  -0.21748276]"
26,0,51,"[-0.2237298  -0.41169134  0.2562713   0.71527696  0.23063053 -0.26013598
  0.199833   -0.05987498 -0.03782405 -0.21203318]"
26,0,-2,"[-0.22396618 -0.4103301   0.2582285   0.71818376  0.22607975 -0.25903565
  0.19978891 -0.0595316  -0.03894568 -0.21370405]"
26,0,-1,"[-0.22228582 -0.40963125  0.25761044  0.71786594  0.22691752 -0.2574224
  0.19897948 -0.06067157 -0.03964756 -0.21500467]"
27,0,185,"[-0.22352912 -0.40876293  0.26089945  0.71718866  0.22692697 -0.2590105
  0.19865584 -0.06119663 -0.03935359 -0.2151188 ]"
27,0,173,"[-0.22205864 -0.41034347  0.25727293  0.7193459   0.22708458 -0.25951338
  0.19870834 -0.06092808 -0.03872775 -0.2141566 ]"
27,1,80,"[-0.22228925 -0.4095431   0.25862125  0.7178301   0.22619417 -0.2587801
  0.19910887 -0.06011915 -0.04011673 -0.21428312]"
27,0,46,"[-0.21937974 -0.41306263  0.2559227   0.71809447  0.22596487 -0.25576442
  0.20058936 -0.06203547 -0.04128083 -0.21237051]"
27,1,152,"[-0.22363575 -0.41094992  0.25832072  0.71880275  0.22545095 -0.25834584
  0.19916417 -0.06047026 -0.03927287 -0.21244109]"
27,0,62,"[-0.21968299 -0.4073987   0.26832968  0.71679246  0.22172624 -0.25890377
  0.19595104 -0.06201873 -0.04283106 -0.2152993 ]"
27,0,30,"[-0.22321159 -0.40920812  0.25669554  0.71614116  0.22519645 -0.2598595
  0.20191032 -0.05631186 -0.03972072 -0.21493717]"
27,0,20,"[-0.22344948 -0.41110054  0.25739497  0.71688014  0.22830398 -0.2593578
  0.19894151 -0.05843101 -0.04023981 -0.21224262]"
27,0,107,"[-0.22613782 -0.4109477   0.25500578  0.72479385  0.22485165 -0.2661508
  0.19894597 -0.05248713 -0.03746336 -0.21373263]"
27,0,25,"[-0.2249906  -0.4078808   0.26361376  0.719961    0.22822425 -0.26295635
  0.19782111 -0.06085578 -0.0401743  -0.21608438]"
27,0,-2,"[-0.22228582 -0.40963125  0.25761044  0.71786594  0.22691752 -0.2574224
  0.19897948 -0.06067157 -0.03964756 -0.21500467]"
27,0,-1,"[-0.2227393  -0.40992644  0.259426    0.7187119   0.22572243 -0.25966954
  0.19885936 -0.05976796 -0.03998127 -0.21397662]"
28,0,142,"[-0.21820092 -0.41025162  0.25276807  0.7158697   0.23277989 -0.25969005
  0.1979171  -0.06311387 -0.04074163 -0.21071659]"
28,0,127,"[-0.22354873 -0.4083674   0.25325242  0.71718174  0.22920386 -0.2599278
  0.20222859 -0.05986851 -0.04085943 -0.21265683]"
28,1,172,"[-0.22393237 -0.40987003  0.25883046  0.7178569   0.22550246 -0.25911817
  0.19848007 -0.0588694  -0.03943623 -0.21287194]"
28,0,118,"[-0.21973833 -0.40920612  0.2609002   0.71724856  0.22254899 -0.25711986
  0.1985007  -0.06002001 -0.04089028 -0.21559173]"
28,0,106,"[-0.22081964 -0.4089824   0.2550432   0.71149087  0.22851674 -0.25723508
  0.2044841  -0.06089819 -0.03877714 -0.21619031]"
28,1,69,"[-0.2235542  -0.4098092   0.25883502  0.71846724  0.22622043 -0.2590774
  0.19850054 -0.05927869 -0.0391091  -0.21462324]"
28,1,102,"[-0.22274852 -0.41013682  0.2575287   0.7172888   0.22590972 -0.25788212
  0.19874883 -0.05984951 -0.03909602 -0.21319135]"
28,1,92,"[-0.22234151 -0.41045472  0.25801474  0.71757734  0.22665426 -0.25844964
  0.1983564  -0.0599465  -0.03975758 -0.21308115]"
28,0,122,"[-0.22120027 -0.41006953  0.2543487   0.7220846   0.22624552 -0.2578002
  0.19871135 -0.06098438 -0.03871348 -0.21600881]"
28,1,60,"[-0.2215072  -0.41038597  0.25687283  0.7184836   0.22595046 -0.2587434
  0.19925876 -0.05937566 -0.04023365 -0.21374793]"
28,0,-2,"[-0.2227393  -0.40992644  0.259426    0.7187119   0.22572243 -0.25966954
  0.19885936 -0.05976796 -0.03998127 -0.21397662]"
28,0,-1,"[-0.2220599  -0.4099376   0.25711283  0.71767247  0.22665271 -0.25855047
  0.1990835  -0.06000256 -0.0396568  -0.21372537]"
